[mlir-neura-opt] No architecture specification file provided, using default configuration
[MapToAcceleratorPass] Starting mapping pass...
[MapToAcceleratorPass] Using Mapping Mode: spatial-temporal
[MapToAcceleratorPass] No architecture specification file provided.
[calculateResMii] Total operations: 244
[MapToAcceleratorPass] Topologically sorted op: %c0 = arith.constant 0 : index
[MapToAcceleratorPass] Topologically sorted op: %cst = arith.constant dense_resource<torch_tensor_10_torch.float32> : tensor<10xf32>
[MapToAcceleratorPass] Topologically sorted op: %cst_0 = arith.constant dense_resource<torch_tensor_10_84_torch.float32> : tensor<10x84xf32>
[MapToAcceleratorPass] Topologically sorted op: %cst_1 = arith.constant dense_resource<torch_tensor_84_torch.float32> : tensor<84xf32>
[MapToAcceleratorPass] Topologically sorted op: %cst_2 = arith.constant dense_resource<torch_tensor_84_120_torch.float32> : tensor<84x120xf32>
[MapToAcceleratorPass] Topologically sorted op: %cst_3 = arith.constant dense_resource<torch_tensor_120_torch.float32> : tensor<120xf32>
[MapToAcceleratorPass] Topologically sorted op: %cst_4 = arith.constant dense_resource<torch_tensor_120_400_torch.float32> : tensor<120x400xf32>
[MapToAcceleratorPass] Topologically sorted op: %cst_5 = arith.constant dense_resource<torch_tensor_16_6_5_5_torch.float32> : tensor<16x6x5x5xf32>
[MapToAcceleratorPass] Topologically sorted op: %cst_6 = arith.constant 0.000000e+00 : f32
[MapToAcceleratorPass] Topologically sorted op: %cst_7 = arith.constant dense_resource<torch_tensor_6_3_5_5_torch.float32> : tensor<6x3x5x5xf32>
[MapToAcceleratorPass] Topologically sorted op: %0 = bufferization.to_memref %arg0 : tensor<1x3x32x32xf32> to memref<1x3x32x32xf32>
[MapToAcceleratorPass] Topologically sorted op: %alloc = memref.alloc() {alignment = 64 : i64} : memref<1x6x14x14xf32>
[MapToAcceleratorPass] Topologically sorted op: affine.yield
[MapToAcceleratorPass] Topologically sorted op: affine.for %arg4 = 0 to 14 {
  affine.store %cst_6, %alloc[%arg1, %arg2, %arg3, %arg4] : memref<1x6x14x14xf32>
}
[MapToAcceleratorPass] Topologically sorted op: affine.yield
[MapToAcceleratorPass] Topologically sorted op: affine.for %arg3 = 0 to 14 {
  affine.for %arg4 = 0 to 14 {
    affine.store %cst_6, %alloc[%arg1, %arg2, %arg3, %arg4] : memref<1x6x14x14xf32>
  }
}
[MapToAcceleratorPass] Topologically sorted op: affine.yield
[MapToAcceleratorPass] Topologically sorted op: affine.for %arg2 = 0 to 6 {
  affine.for %arg3 = 0 to 14 {
    affine.for %arg4 = 0 to 14 {
      affine.store %cst_6, %alloc[%arg1, %arg2, %arg3, %arg4] : memref<1x6x14x14xf32>
    }
  }
}
[MapToAcceleratorPass] Topologically sorted op: affine.yield
[MapToAcceleratorPass] Topologically sorted op: affine.for %arg1 = 0 to 1 {
  affine.for %arg2 = 0 to 6 {
    affine.for %arg3 = 0 to 14 {
      affine.for %arg4 = 0 to 14 {
        affine.store %cst_6, %alloc[%arg1, %arg2, %arg3, %arg4] : memref<1x6x14x14xf32>
      }
    }
  }
} {neura.fan_avg = 0.000000e+00 : f64, neura.i_arith = 0.000000e+00 : f64, neura.l_depth = 3 : i32, neura.op_count = 8 : i64, neura.placement_x = 2 : i32, neura.placement_y = 0 : i32, neura.r_affine = 0.99999999899999991 : f64, neura.r_vec = 0.000000e+00 : f64, neura.rec_mii = 1.000000e+00 : f64, neura.s_buffer = 37632 : i64, neura.task_id = 0 : i32, neura.v_live_out = 32 : i64}
[MapToAcceleratorPass] Topologically sorted op: %alloc_8 = memref.alloc() {alignment = 64 : i64} : memref<1x6x14x14xf32>
[MapToAcceleratorPass] Topologically sorted op: %12 = affine.apply affine_map<(d0, d1) -> (d0 * 2 + d1)>(%arg3, %arg6)
[MapToAcceleratorPass] Topologically sorted op: %13 = affine.apply affine_map<(d0, d1) -> (d0 * 2 + d1)>(%arg4, %arg7)
[MapToAcceleratorPass] Topologically sorted op: affine.yield
[MapToAcceleratorPass] Topologically sorted op: affine.for %arg7 = 0 to 5 {
  %12 = affine.apply affine_map<(d0, d1) -> (d0 * 2 + d1)>(%arg3, %arg6)
  %13 = affine.apply affine_map<(d0, d1) -> (d0 * 2 + d1)>(%arg4, %arg7)
  %14 = affine.load %0[%arg1, %arg5, %12, %13] : memref<1x3x32x32xf32>
  %15 = affine.load %1[%arg2, %arg5, %arg6, %arg7] : memref<6x3x5x5xf32>
  %16 = affine.load %alloc_8[%arg1, %arg2, %arg3, %arg4] : memref<1x6x14x14xf32>
  %17 = arith.mulf %14, %15 : f32
  %18 = arith.addf %16, %17 : f32
  affine.store %18, %alloc_8[%arg1, %arg2, %arg3, %arg4] : memref<1x6x14x14xf32>
}
[MapToAcceleratorPass] Topologically sorted op: affine.yield
[MapToAcceleratorPass] Topologically sorted op: affine.for %arg6 = 0 to 5 {
  affine.for %arg7 = 0 to 5 {
    %12 = affine.apply affine_map<(d0, d1) -> (d0 * 2 + d1)>(%arg3, %arg6)
    %13 = affine.apply affine_map<(d0, d1) -> (d0 * 2 + d1)>(%arg4, %arg7)
    %14 = affine.load %0[%arg1, %arg5, %12, %13] : memref<1x3x32x32xf32>
    %15 = affine.load %1[%arg2, %arg5, %arg6, %arg7] : memref<6x3x5x5xf32>
    %16 = affine.load %alloc_8[%arg1, %arg2, %arg3, %arg4] : memref<1x6x14x14xf32>
    %17 = arith.mulf %14, %15 : f32
    %18 = arith.addf %16, %17 : f32
    affine.store %18, %alloc_8[%arg1, %arg2, %arg3, %arg4] : memref<1x6x14x14xf32>
  }
}
[MapToAcceleratorPass] Topologically sorted op: affine.yield
[MapToAcceleratorPass] Topologically sorted op: affine.for %arg5 = 0 to 3 {
  affine.for %arg6 = 0 to 5 {
    affine.for %arg7 = 0 to 5 {
      %12 = affine.apply affine_map<(d0, d1) -> (d0 * 2 + d1)>(%arg3, %arg6)
      %13 = affine.apply affine_map<(d0, d1) -> (d0 * 2 + d1)>(%arg4, %arg7)
      %14 = affine.load %0[%arg1, %arg5, %12, %13] : memref<1x3x32x32xf32>
      %15 = affine.load %1[%arg2, %arg5, %arg6, %arg7] : memref<6x3x5x5xf32>
      %16 = affine.load %alloc_8[%arg1, %arg2, %arg3, %arg4] : memref<1x6x14x14xf32>
      %17 = arith.mulf %14, %15 : f32
      %18 = arith.addf %16, %17 : f32
      affine.store %18, %alloc_8[%arg1, %arg2, %arg3, %arg4] : memref<1x6x14x14xf32>
    }
  }
}
[MapToAcceleratorPass] Topologically sorted op: affine.yield
[MapToAcceleratorPass] Topologically sorted op: affine.for %arg4 = 0 to 14 {
  affine.for %arg5 = 0 to 3 {
    affine.for %arg6 = 0 to 5 {
      affine.for %arg7 = 0 to 5 {
        %12 = affine.apply affine_map<(d0, d1) -> (d0 * 2 + d1)>(%arg3, %arg6)
        %13 = affine.apply affine_map<(d0, d1) -> (d0 * 2 + d1)>(%arg4, %arg7)
        %14 = affine.load %0[%arg1, %arg5, %12, %13] : memref<1x3x32x32xf32>
        %15 = affine.load %1[%arg2, %arg5, %arg6, %arg7] : memref<6x3x5x5xf32>
        %16 = affine.load %alloc_8[%arg1, %arg2, %arg3, %arg4] : memref<1x6x14x14xf32>
        %17 = arith.mulf %14, %15 : f32
        %18 = arith.addf %16, %17 : f32
        affine.store %18, %alloc_8[%arg1, %arg2, %arg3, %arg4] : memref<1x6x14x14xf32>
      }
    }
  }
}
[MapToAcceleratorPass] Topologically sorted op: affine.yield
[MapToAcceleratorPass] Topologically sorted op: affine.for %arg3 = 0 to 14 {
  affine.for %arg4 = 0 to 14 {
    affine.for %arg5 = 0 to 3 {
      affine.for %arg6 = 0 to 5 {
        affine.for %arg7 = 0 to 5 {
          %12 = affine.apply affine_map<(d0, d1) -> (d0 * 2 + d1)>(%arg3, %arg6)
          %13 = affine.apply affine_map<(d0, d1) -> (d0 * 2 + d1)>(%arg4, %arg7)
          %14 = affine.load %0[%arg1, %arg5, %12, %13] : memref<1x3x32x32xf32>
          %15 = affine.load %1[%arg2, %arg5, %arg6, %arg7] : memref<6x3x5x5xf32>
          %16 = affine.load %alloc_8[%arg1, %arg2, %arg3, %arg4] : memref<1x6x14x14xf32>
          %17 = arith.mulf %14, %15 : f32
          %18 = arith.addf %16, %17 : f32
          affine.store %18, %alloc_8[%arg1, %arg2, %arg3, %arg4] : memref<1x6x14x14xf32>
        }
      }
    }
  }
}
[MapToAcceleratorPass] Topologically sorted op: affine.yield
[MapToAcceleratorPass] Topologically sorted op: affine.for %arg2 = 0 to 6 {
  affine.for %arg3 = 0 to 14 {
    affine.for %arg4 = 0 to 14 {
      affine.for %arg5 = 0 to 3 {
        affine.for %arg6 = 0 to 5 {
          affine.for %arg7 = 0 to 5 {
            %12 = affine.apply affine_map<(d0, d1) -> (d0 * 2 + d1)>(%arg3, %arg6)
            %13 = affine.apply affine_map<(d0, d1) -> (d0 * 2 + d1)>(%arg4, %arg7)
            %14 = affine.load %0[%arg1, %arg5, %12, %13] : memref<1x3x32x32xf32>
            %15 = affine.load %1[%arg2, %arg5, %arg6, %arg7] : memref<6x3x5x5xf32>
            %16 = affine.load %alloc_8[%arg1, %arg2, %arg3, %arg4] : memref<1x6x14x14xf32>
            %17 = arith.mulf %14, %15 : f32
            %18 = arith.addf %16, %17 : f32
            affine.store %18, %alloc_8[%arg1, %arg2, %arg3, %arg4] : memref<1x6x14x14xf32>
          }
        }
      }
    }
  }
}
[MapToAcceleratorPass] Topologically sorted op: affine.yield
[MapToAcceleratorPass] Topologically sorted op: affine.for %arg1 = 0 to 1 {
  affine.for %arg2 = 0 to 6 {
    affine.for %arg3 = 0 to 14 {
      affine.for %arg4 = 0 to 14 {
        affine.for %arg5 = 0 to 3 {
          affine.for %arg6 = 0 to 5 {
            affine.for %arg7 = 0 to 5 {
              %12 = affine.apply affine_map<(d0, d1) -> (d0 * 2 + d1)>(%arg3, %arg6)
              %13 = affine.apply affine_map<(d0, d1) -> (d0 * 2 + d1)>(%arg4, %arg7)
              %14 = affine.load %0[%arg1, %arg5, %12, %13] : memref<1x3x32x32xf32>
              %15 = affine.load %1[%arg2, %arg5, %arg6, %arg7] : memref<6x3x5x5xf32>
              %16 = affine.load %alloc_8[%arg1, %arg2, %arg3, %arg4] : memref<1x6x14x14xf32>
              %17 = arith.mulf %14, %15 : f32
              %18 = arith.addf %16, %17 : f32
              affine.store %18, %alloc_8[%arg1, %arg2, %arg3, %arg4] : memref<1x6x14x14xf32>
            }
          }
        }
      }
    }
  }
} {neura.fan_avg = 0.33333333331746029 : f64, neura.i_arith = 0.49999999987499999 : f64, neura.l_depth = 6 : i32, neura.op_count = 21 : i64, neura.placement_x = 0 : i32, neura.placement_y = 0 : i32, neura.r_affine = 0.99999999974999997 : f64, neura.r_vec = 0.000000e+00 : f64, neura.rec_mii = 1.000000e+00 : f64, neura.s_buffer = 150336 : i64, neura.streaming_succs = [2 : i32], neura.task_id = 1 : i32, neura.v_live_out = 32 : i64}
[MapToAcceleratorPass] Topologically sorted op: %alloc_9 = memref.alloc() {alignment = 64 : i64} : memref<1x6x14x14xf32>
[MapToAcceleratorPass] Topologically sorted op: affine.yield
[MapToAcceleratorPass] Topologically sorted op: affine.for %arg4 = 0 to 14 {
  %12 = affine.load %alloc_8[%c0, %arg2, %arg3, %arg4] : memref<1x6x14x14xf32>
  %13 = arith.cmpf ugt, %12, %cst_6 : f32
  %14 = arith.select %13, %12, %cst_6 : f32
  affine.store %14, %alloc_9[%arg1, %arg2, %arg3, %arg4] : memref<1x6x14x14xf32>
}
[MapToAcceleratorPass] Topologically sorted op: affine.yield
[MapToAcceleratorPass] Topologically sorted op: affine.for %arg3 = 0 to 14 {
  affine.for %arg4 = 0 to 14 {
    %12 = affine.load %alloc_8[%c0, %arg2, %arg3, %arg4] : memref<1x6x14x14xf32>
    %13 = arith.cmpf ugt, %12, %cst_6 : f32
    %14 = arith.select %13, %12, %cst_6 : f32
    affine.store %14, %alloc_9[%arg1, %arg2, %arg3, %arg4] : memref<1x6x14x14xf32>
  }
}
[MapToAcceleratorPass] Topologically sorted op: affine.yield
[MapToAcceleratorPass] Topologically sorted op: affine.for %arg2 = 0 to 6 {
  affine.for %arg3 = 0 to 14 {
    affine.for %arg4 = 0 to 14 {
      %12 = affine.load %alloc_8[%c0, %arg2, %arg3, %arg4] : memref<1x6x14x14xf32>
      %13 = arith.cmpf ugt, %12, %cst_6 : f32
      %14 = arith.select %13, %12, %cst_6 : f32
      affine.store %14, %alloc_9[%arg1, %arg2, %arg3, %arg4] : memref<1x6x14x14xf32>
    }
  }
}
[MapToAcceleratorPass] Topologically sorted op: affine.yield
[MapToAcceleratorPass] Topologically sorted op: affine.for %arg1 = 0 to 1 {
  affine.for %arg2 = 0 to 6 {
    affine.for %arg3 = 0 to 14 {
      affine.for %arg4 = 0 to 14 {
        %12 = affine.load %alloc_8[%c0, %arg2, %arg3, %arg4] : memref<1x6x14x14xf32>
        %13 = arith.cmpf ugt, %12, %cst_6 : f32
        %14 = arith.select %13, %12, %cst_6 : f32
        affine.store %14, %alloc_9[%arg1, %arg2, %arg3, %arg4] : memref<1x6x14x14xf32>
      }
    }
  }
} {neura.fan_avg = 0.36363636360330576 : f64, neura.i_arith = 0.99999999949999996 : f64, neura.l_depth = 3 : i32, neura.op_count = 11 : i64, neura.placement_x = 0 : i32, neura.placement_y = 0 : i32, neura.r_affine = 0.99999999949999996 : f64, neura.r_vec = 0.000000e+00 : f64, neura.rec_mii = 1.000000e+00 : f64, neura.s_buffer = 75264 : i64, neura.streaming_succs = [4 : i32], neura.task_id = 2 : i32, neura.v_live_out = 32 : i64}
[MapToAcceleratorPass] Topologically sorted op: %alloc_10 = memref.alloc() {alignment = 64 : i64} : memref<1x16x5x5xf32>
[MapToAcceleratorPass] Topologically sorted op: affine.yield
[MapToAcceleratorPass] Topologically sorted op: affine.for %arg4 = 0 to 5 {
  affine.store %cst_6, %alloc_10[%arg1, %arg2, %arg3, %arg4] : memref<1x16x5x5xf32>
}
[MapToAcceleratorPass] Topologically sorted op: affine.yield
[MapToAcceleratorPass] Topologically sorted op: affine.for %arg3 = 0 to 5 {
  affine.for %arg4 = 0 to 5 {
    affine.store %cst_6, %alloc_10[%arg1, %arg2, %arg3, %arg4] : memref<1x16x5x5xf32>
  }
}
[MapToAcceleratorPass] Topologically sorted op: affine.yield
[MapToAcceleratorPass] Topologically sorted op: affine.for %arg2 = 0 to 16 {
  affine.for %arg3 = 0 to 5 {
    affine.for %arg4 = 0 to 5 {
      affine.store %cst_6, %alloc_10[%arg1, %arg2, %arg3, %arg4] : memref<1x16x5x5xf32>
    }
  }
}
[MapToAcceleratorPass] Topologically sorted op: affine.yield
[MapToAcceleratorPass] Topologically sorted op: affine.for %arg1 = 0 to 1 {
  affine.for %arg2 = 0 to 16 {
    affine.for %arg3 = 0 to 5 {
      affine.for %arg4 = 0 to 5 {
        affine.store %cst_6, %alloc_10[%arg1, %arg2, %arg3, %arg4] : memref<1x16x5x5xf32>
      }
    }
  }
} {neura.fan_avg = 0.000000e+00 : f64, neura.i_arith = 0.000000e+00 : f64, neura.l_depth = 3 : i32, neura.op_count = 8 : i64, neura.placement_x = 3 : i32, neura.placement_y = 0 : i32, neura.r_affine = 0.99999999899999991 : f64, neura.r_vec = 0.000000e+00 : f64, neura.rec_mii = 1.000000e+00 : f64, neura.s_buffer = 12800 : i64, neura.task_id = 3 : i32, neura.v_live_out = 32 : i64}
[MapToAcceleratorPass] Topologically sorted op: %alloc_11 = memref.alloc() {alignment = 64 : i64} : memref<1x16x5x5xf32>
[MapToAcceleratorPass] Topologically sorted op: %12 = affine.apply affine_map<(d0, d1) -> (d0 * 2 + d1)>(%arg3, %arg6)
[MapToAcceleratorPass] Topologically sorted op: %13 = affine.apply affine_map<(d0, d1) -> (d0 * 2 + d1)>(%arg4, %arg7)
[MapToAcceleratorPass] Topologically sorted op: affine.yield
[MapToAcceleratorPass] Topologically sorted op: affine.for %arg7 = 0 to 5 {
  %12 = affine.apply affine_map<(d0, d1) -> (d0 * 2 + d1)>(%arg3, %arg6)
  %13 = affine.apply affine_map<(d0, d1) -> (d0 * 2 + d1)>(%arg4, %arg7)
  %14 = affine.load %alloc_9[%arg1, %arg5, %12, %13] : memref<1x6x14x14xf32>
  %15 = affine.load %2[%arg2, %arg5, %arg6, %arg7] : memref<16x6x5x5xf32>
  %16 = affine.load %alloc_11[%arg1, %arg2, %arg3, %arg4] : memref<1x16x5x5xf32>
  %17 = arith.mulf %14, %15 : f32
  %18 = arith.addf %16, %17 : f32
  affine.store %18, %alloc_11[%arg1, %arg2, %arg3, %arg4] : memref<1x16x5x5xf32>
}
[MapToAcceleratorPass] Topologically sorted op: affine.yield
[MapToAcceleratorPass] Topologically sorted op: affine.for %arg6 = 0 to 5 {
  affine.for %arg7 = 0 to 5 {
    %12 = affine.apply affine_map<(d0, d1) -> (d0 * 2 + d1)>(%arg3, %arg6)
    %13 = affine.apply affine_map<(d0, d1) -> (d0 * 2 + d1)>(%arg4, %arg7)
    %14 = affine.load %alloc_9[%arg1, %arg5, %12, %13] : memref<1x6x14x14xf32>
    %15 = affine.load %2[%arg2, %arg5, %arg6, %arg7] : memref<16x6x5x5xf32>
    %16 = affine.load %alloc_11[%arg1, %arg2, %arg3, %arg4] : memref<1x16x5x5xf32>
    %17 = arith.mulf %14, %15 : f32
    %18 = arith.addf %16, %17 : f32
    affine.store %18, %alloc_11[%arg1, %arg2, %arg3, %arg4] : memref<1x16x5x5xf32>
  }
}
[MapToAcceleratorPass] Topologically sorted op: affine.yield
[MapToAcceleratorPass] Topologically sorted op: affine.for %arg5 = 0 to 6 {
  affine.for %arg6 = 0 to 5 {
    affine.for %arg7 = 0 to 5 {
      %12 = affine.apply affine_map<(d0, d1) -> (d0 * 2 + d1)>(%arg3, %arg6)
      %13 = affine.apply affine_map<(d0, d1) -> (d0 * 2 + d1)>(%arg4, %arg7)
      %14 = affine.load %alloc_9[%arg1, %arg5, %12, %13] : memref<1x6x14x14xf32>
      %15 = affine.load %2[%arg2, %arg5, %arg6, %arg7] : memref<16x6x5x5xf32>
      %16 = affine.load %alloc_11[%arg1, %arg2, %arg3, %arg4] : memref<1x16x5x5xf32>
      %17 = arith.mulf %14, %15 : f32
      %18 = arith.addf %16, %17 : f32
      affine.store %18, %alloc_11[%arg1, %arg2, %arg3, %arg4] : memref<1x16x5x5xf32>
    }
  }
}
[MapToAcceleratorPass] Topologically sorted op: affine.yield
[MapToAcceleratorPass] Topologically sorted op: affine.for %arg4 = 0 to 5 {
  affine.for %arg5 = 0 to 6 {
    affine.for %arg6 = 0 to 5 {
      affine.for %arg7 = 0 to 5 {
        %12 = affine.apply affine_map<(d0, d1) -> (d0 * 2 + d1)>(%arg3, %arg6)
        %13 = affine.apply affine_map<(d0, d1) -> (d0 * 2 + d1)>(%arg4, %arg7)
        %14 = affine.load %alloc_9[%arg1, %arg5, %12, %13] : memref<1x6x14x14xf32>
        %15 = affine.load %2[%arg2, %arg5, %arg6, %arg7] : memref<16x6x5x5xf32>
        %16 = affine.load %alloc_11[%arg1, %arg2, %arg3, %arg4] : memref<1x16x5x5xf32>
        %17 = arith.mulf %14, %15 : f32
        %18 = arith.addf %16, %17 : f32
        affine.store %18, %alloc_11[%arg1, %arg2, %arg3, %arg4] : memref<1x16x5x5xf32>
      }
    }
  }
}
[MapToAcceleratorPass] Topologically sorted op: affine.yield
[MapToAcceleratorPass] Topologically sorted op: affine.for %arg3 = 0 to 5 {
  affine.for %arg4 = 0 to 5 {
    affine.for %arg5 = 0 to 6 {
      affine.for %arg6 = 0 to 5 {
        affine.for %arg7 = 0 to 5 {
          %12 = affine.apply affine_map<(d0, d1) -> (d0 * 2 + d1)>(%arg3, %arg6)
          %13 = affine.apply affine_map<(d0, d1) -> (d0 * 2 + d1)>(%arg4, %arg7)
          %14 = affine.load %alloc_9[%arg1, %arg5, %12, %13] : memref<1x6x14x14xf32>
          %15 = affine.load %2[%arg2, %arg5, %arg6, %arg7] : memref<16x6x5x5xf32>
          %16 = affine.load %alloc_11[%arg1, %arg2, %arg3, %arg4] : memref<1x16x5x5xf32>
          %17 = arith.mulf %14, %15 : f32
          %18 = arith.addf %16, %17 : f32
          affine.store %18, %alloc_11[%arg1, %arg2, %arg3, %arg4] : memref<1x16x5x5xf32>
        }
      }
    }
  }
}
[MapToAcceleratorPass] Topologically sorted op: affine.yield
[MapToAcceleratorPass] Topologically sorted op: affine.for %arg2 = 0 to 16 {
  affine.for %arg3 = 0 to 5 {
    affine.for %arg4 = 0 to 5 {
      affine.for %arg5 = 0 to 6 {
        affine.for %arg6 = 0 to 5 {
          affine.for %arg7 = 0 to 5 {
            %12 = affine.apply affine_map<(d0, d1) -> (d0 * 2 + d1)>(%arg3, %arg6)
            %13 = affine.apply affine_map<(d0, d1) -> (d0 * 2 + d1)>(%arg4, %arg7)
            %14 = affine.load %alloc_9[%arg1, %arg5, %12, %13] : memref<1x6x14x14xf32>
            %15 = affine.load %2[%arg2, %arg5, %arg6, %arg7] : memref<16x6x5x5xf32>
            %16 = affine.load %alloc_11[%arg1, %arg2, %arg3, %arg4] : memref<1x16x5x5xf32>
            %17 = arith.mulf %14, %15 : f32
            %18 = arith.addf %16, %17 : f32
            affine.store %18, %alloc_11[%arg1, %arg2, %arg3, %arg4] : memref<1x16x5x5xf32>
          }
        }
      }
    }
  }
}
[MapToAcceleratorPass] Topologically sorted op: affine.yield
[MapToAcceleratorPass] Topologically sorted op: affine.for %arg1 = 0 to 1 {
  affine.for %arg2 = 0 to 16 {
    affine.for %arg3 = 0 to 5 {
      affine.for %arg4 = 0 to 5 {
        affine.for %arg5 = 0 to 6 {
          affine.for %arg6 = 0 to 5 {
            affine.for %arg7 = 0 to 5 {
              %12 = affine.apply affine_map<(d0, d1) -> (d0 * 2 + d1)>(%arg3, %arg6)
              %13 = affine.apply affine_map<(d0, d1) -> (d0 * 2 + d1)>(%arg4, %arg7)
              %14 = affine.load %alloc_9[%arg1, %arg5, %12, %13] : memref<1x6x14x14xf32>
              %15 = affine.load %2[%arg2, %arg5, %arg6, %arg7] : memref<16x6x5x5xf32>
              %16 = affine.load %alloc_11[%arg1, %arg2, %arg3, %arg4] : memref<1x16x5x5xf32>
              %17 = arith.mulf %14, %15 : f32
              %18 = arith.addf %16, %17 : f32
              affine.store %18, %alloc_11[%arg1, %arg2, %arg3, %arg4] : memref<1x16x5x5xf32>
            }
          }
        }
      }
    }
  }
} {neura.fan_avg = 0.33333333331746029 : f64, neura.i_arith = 0.49999999987499999 : f64, neura.l_depth = 6 : i32, neura.op_count = 21 : i64, neura.placement_x = 0 : i32, neura.placement_y = 0 : i32, neura.r_affine = 0.99999999974999997 : f64, neura.r_vec = 0.000000e+00 : f64, neura.rec_mii = 1.000000e+00 : f64, neura.s_buffer = 127232 : i64, neura.streaming_succs = [5 : i32], neura.task_id = 4 : i32, neura.v_live_out = 32 : i64}
[MapToAcceleratorPass] Topologically sorted op: %alloc_12 = memref.alloc() {alignment = 64 : i64} : memref<1x16x5x5xf32>
[MapToAcceleratorPass] Topologically sorted op: affine.yield
[MapToAcceleratorPass] Topologically sorted op: affine.for %arg4 = 0 to 5 {
  %12 = affine.load %alloc_11[%c0, %arg2, %arg3, %arg4] : memref<1x16x5x5xf32>
  %13 = arith.cmpf ugt, %12, %cst_6 : f32
  %14 = arith.select %13, %12, %cst_6 : f32
  affine.store %14, %alloc_12[%arg1, %arg2, %arg3, %arg4] : memref<1x16x5x5xf32>
}
[MapToAcceleratorPass] Topologically sorted op: affine.yield
[MapToAcceleratorPass] Topologically sorted op: affine.for %arg3 = 0 to 5 {
  affine.for %arg4 = 0 to 5 {
    %12 = affine.load %alloc_11[%c0, %arg2, %arg3, %arg4] : memref<1x16x5x5xf32>
    %13 = arith.cmpf ugt, %12, %cst_6 : f32
    %14 = arith.select %13, %12, %cst_6 : f32
    affine.store %14, %alloc_12[%arg1, %arg2, %arg3, %arg4] : memref<1x16x5x5xf32>
  }
}
[MapToAcceleratorPass] Topologically sorted op: affine.yield
[MapToAcceleratorPass] Topologically sorted op: affine.for %arg2 = 0 to 16 {
  affine.for %arg3 = 0 to 5 {
    affine.for %arg4 = 0 to 5 {
      %12 = affine.load %alloc_11[%c0, %arg2, %arg3, %arg4] : memref<1x16x5x5xf32>
      %13 = arith.cmpf ugt, %12, %cst_6 : f32
      %14 = arith.select %13, %12, %cst_6 : f32
      affine.store %14, %alloc_12[%arg1, %arg2, %arg3, %arg4] : memref<1x16x5x5xf32>
    }
  }
}
[MapToAcceleratorPass] Topologically sorted op: affine.yield
[MapToAcceleratorPass] Topologically sorted op: affine.for %arg1 = 0 to 1 {
  affine.for %arg2 = 0 to 16 {
    affine.for %arg3 = 0 to 5 {
      affine.for %arg4 = 0 to 5 {
        %12 = affine.load %alloc_11[%c0, %arg2, %arg3, %arg4] : memref<1x16x5x5xf32>
        %13 = arith.cmpf ugt, %12, %cst_6 : f32
        %14 = arith.select %13, %12, %cst_6 : f32
        affine.store %14, %alloc_12[%arg1, %arg2, %arg3, %arg4] : memref<1x16x5x5xf32>
      }
    }
  }
} {neura.fan_avg = 0.36363636360330576 : f64, neura.i_arith = 0.99999999949999996 : f64, neura.l_depth = 3 : i32, neura.op_count = 11 : i64, neura.placement_x = 0 : i32, neura.placement_y = 0 : i32, neura.r_affine = 0.99999999949999996 : f64, neura.r_vec = 0.000000e+00 : f64, neura.rec_mii = 1.000000e+00 : f64, neura.s_buffer = 25600 : i64, neura.task_id = 5 : i32, neura.v_live_out = 32 : i64}
[MapToAcceleratorPass] Topologically sorted op: %alloc_13 = memref.alloc() {alignment = 64 : i64} : memref<400x120xf32>
[MapToAcceleratorPass] Topologically sorted op: affine.yield
[MapToAcceleratorPass] Topologically sorted op: affine.for %arg2 = 0 to 400 {
  %12 = affine.load %3[%arg1, %arg2] : memref<120x400xf32>
  affine.store %12, %alloc_13[%arg2, %arg1] : memref<400x120xf32>
}
[MapToAcceleratorPass] Topologically sorted op: affine.yield
[MapToAcceleratorPass] Topologically sorted op: affine.for %arg1 = 0 to 120 {
  affine.for %arg2 = 0 to 400 {
    %12 = affine.load %3[%arg1, %arg2] : memref<120x400xf32>
    affine.store %12, %alloc_13[%arg2, %arg1] : memref<400x120xf32>
  }
} {neura.fan_avg = 0.19999999996000001 : f64, neura.i_arith = 0.000000e+00 : f64, neura.l_depth = 1 : i32, neura.op_count = 5 : i64, neura.placement_x = 1 : i32, neura.placement_y = 0 : i32, neura.r_affine = 0.99999999949999996 : f64, neura.r_vec = 0.000000e+00 : f64, neura.rec_mii = 1.000000e+00 : f64, neura.s_buffer = 3072000 : i64, neura.streaming_succs = [8 : i32], neura.task_id = 6 : i32, neura.v_live_out = 32 : i64}
[MapToAcceleratorPass] Topologically sorted op: %alloc_14 = memref.alloc() {alignment = 64 : i64} : memref<1x120xf32>
[MapToAcceleratorPass] Topologically sorted op: affine.yield
[MapToAcceleratorPass] Topologically sorted op: affine.for %arg2 = 0 to 120 {
  affine.store %cst_6, %alloc_14[%arg1, %arg2] : memref<1x120xf32>
}
[MapToAcceleratorPass] Topologically sorted op: affine.yield
[MapToAcceleratorPass] Topologically sorted op: affine.for %arg1 = 0 to 1 {
  affine.for %arg2 = 0 to 120 {
    affine.store %cst_6, %alloc_14[%arg1, %arg2] : memref<1x120xf32>
  }
} {neura.fan_avg = 0.000000e+00 : f64, neura.i_arith = 0.000000e+00 : f64, neura.l_depth = 1 : i32, neura.op_count = 4 : i64, neura.placement_x = 0 : i32, neura.placement_y = 1 : i32, neura.r_affine = 0.99999999899999991 : f64, neura.r_vec = 0.000000e+00 : f64, neura.rec_mii = 1.000000e+00 : f64, neura.s_buffer = 3840 : i64, neura.task_id = 7 : i32, neura.v_live_out = 32 : i64}
[MapToAcceleratorPass] Topologically sorted op: %alloc_15 = memref.alloc() {alignment = 64 : i64} : memref<1x120xf32>
[MapToAcceleratorPass] Topologically sorted op: affine.yield
[MapToAcceleratorPass] Topologically sorted op: affine.for %arg3 = 0 to 400 {
  %12 = affine.load %10[%arg1, %arg3] : memref<1x400xf32>
  %13 = affine.load %alloc_13[%arg3, %arg2] : memref<400x120xf32>
  %14 = affine.load %alloc_15[%arg1, %arg2] : memref<1x120xf32>
  %15 = arith.mulf %12, %13 : f32
  %16 = arith.addf %14, %15 : f32
  affine.store %16, %alloc_15[%arg1, %arg2] : memref<1x120xf32>
}
[MapToAcceleratorPass] Topologically sorted op: affine.yield
[MapToAcceleratorPass] Topologically sorted op: affine.for %arg2 = 0 to 120 {
  affine.for %arg3 = 0 to 400 {
    %12 = affine.load %10[%arg1, %arg3] : memref<1x400xf32>
    %13 = affine.load %alloc_13[%arg3, %arg2] : memref<400x120xf32>
    %14 = affine.load %alloc_15[%arg1, %arg2] : memref<1x120xf32>
    %15 = arith.mulf %12, %13 : f32
    %16 = arith.addf %14, %15 : f32
    affine.store %16, %alloc_15[%arg1, %arg2] : memref<1x120xf32>
  }
}
[MapToAcceleratorPass] Topologically sorted op: affine.yield
[MapToAcceleratorPass] Topologically sorted op: affine.for %arg1 = 0 to 1 {
  affine.for %arg2 = 0 to 120 {
    affine.for %arg3 = 0 to 400 {
      %12 = affine.load %10[%arg1, %arg3] : memref<1x400xf32>
      %13 = affine.load %alloc_13[%arg3, %arg2] : memref<400x120xf32>
      %14 = affine.load %alloc_15[%arg1, %arg2] : memref<1x120xf32>
      %15 = arith.mulf %12, %13 : f32
      %16 = arith.addf %14, %15 : f32
      affine.store %16, %alloc_15[%arg1, %arg2] : memref<1x120xf32>
    }
  }
} {neura.fan_avg = 0.45454545450413225 : f64, neura.i_arith = 0.49999999987499999 : f64, neura.l_depth = 2 : i32, neura.op_count = 11 : i64, neura.placement_x = 1 : i32, neura.placement_y = 0 : i32, neura.r_affine = 0.99999999974999997 : f64, neura.r_vec = 0.000000e+00 : f64, neura.rec_mii = 1.000000e+00 : f64, neura.s_buffer = 1552640 : i64, neura.streaming_succs = [9 : i32], neura.task_id = 8 : i32, neura.v_live_out = 32 : i64}
[MapToAcceleratorPass] Topologically sorted op: %alloc_16 = memref.alloc() {alignment = 64 : i64} : memref<1x120xf32>
[MapToAcceleratorPass] Topologically sorted op: affine.yield
[MapToAcceleratorPass] Topologically sorted op: affine.for %arg2 = 0 to 120 {
  %12 = affine.load %alloc_15[%c0, %arg2] : memref<1x120xf32>
  %13 = affine.load %4[%arg2] : memref<120xf32>
  %14 = arith.addf %12, %13 : f32
  affine.store %14, %alloc_16[%arg1, %arg2] : memref<1x120xf32>
}
[MapToAcceleratorPass] Topologically sorted op: affine.yield
[MapToAcceleratorPass] Topologically sorted op: affine.for %arg1 = 0 to 1 {
  affine.for %arg2 = 0 to 120 {
    %12 = affine.load %alloc_15[%c0, %arg2] : memref<1x120xf32>
    %13 = affine.load %4[%arg2] : memref<120xf32>
    %14 = arith.addf %12, %13 : f32
    affine.store %14, %alloc_16[%arg1, %arg2] : memref<1x120xf32>
  }
} {neura.fan_avg = 0.42857142851020408 : f64, neura.i_arith = 0.33333333322222219 : f64, neura.l_depth = 1 : i32, neura.op_count = 7 : i64, neura.placement_x = 1 : i32, neura.placement_y = 0 : i32, neura.r_affine = 0.99999999966666663 : f64, neura.r_vec = 0.000000e+00 : f64, neura.rec_mii = 1.000000e+00 : f64, neura.s_buffer = 11520 : i64, neura.streaming_succs = [10 : i32], neura.task_id = 9 : i32, neura.v_live_out = 32 : i64}
[MapToAcceleratorPass] Topologically sorted op: %alloc_17 = memref.alloc() {alignment = 64 : i64} : memref<1x120xf32>
[MapToAcceleratorPass] Topologically sorted op: affine.yield
[MapToAcceleratorPass] Topologically sorted op: affine.for %arg2 = 0 to 120 {
  %12 = affine.load %alloc_16[%c0, %arg2] : memref<1x120xf32>
  %13 = arith.cmpf ugt, %12, %cst_6 : f32
  %14 = arith.select %13, %12, %cst_6 : f32
  affine.store %14, %alloc_17[%arg1, %arg2] : memref<1x120xf32>
}
[MapToAcceleratorPass] Topologically sorted op: affine.yield
[MapToAcceleratorPass] Topologically sorted op: affine.for %arg1 = 0 to 1 {
  affine.for %arg2 = 0 to 120 {
    %12 = affine.load %alloc_16[%c0, %arg2] : memref<1x120xf32>
    %13 = arith.cmpf ugt, %12, %cst_6 : f32
    %14 = arith.select %13, %12, %cst_6 : f32
    affine.store %14, %alloc_17[%arg1, %arg2] : memref<1x120xf32>
  }
} {neura.fan_avg = 0.57142857134693881 : f64, neura.i_arith = 0.99999999949999996 : f64, neura.l_depth = 1 : i32, neura.op_count = 7 : i64, neura.placement_x = 1 : i32, neura.placement_y = 0 : i32, neura.r_affine = 0.99999999949999996 : f64, neura.r_vec = 0.000000e+00 : f64, neura.rec_mii = 1.000000e+00 : f64, neura.s_buffer = 7680 : i64, neura.streaming_succs = [13 : i32], neura.task_id = 10 : i32, neura.v_live_out = 32 : i64}
[MapToAcceleratorPass] Topologically sorted op: %alloc_18 = memref.alloc() {alignment = 64 : i64} : memref<120x84xf32>
[MapToAcceleratorPass] Topologically sorted op: affine.yield
[MapToAcceleratorPass] Topologically sorted op: affine.for %arg2 = 0 to 120 {
  %12 = affine.load %5[%arg1, %arg2] : memref<84x120xf32>
  affine.store %12, %alloc_18[%arg2, %arg1] : memref<120x84xf32>
}
[MapToAcceleratorPass] Topologically sorted op: affine.yield
[MapToAcceleratorPass] Topologically sorted op: affine.for %arg1 = 0 to 84 {
  affine.for %arg2 = 0 to 120 {
    %12 = affine.load %5[%arg1, %arg2] : memref<84x120xf32>
    affine.store %12, %alloc_18[%arg2, %arg1] : memref<120x84xf32>
  }
} {neura.fan_avg = 0.19999999996000001 : f64, neura.i_arith = 0.000000e+00 : f64, neura.l_depth = 1 : i32, neura.op_count = 5 : i64, neura.placement_x = 1 : i32, neura.placement_y = 0 : i32, neura.r_affine = 0.99999999949999996 : f64, neura.r_vec = 0.000000e+00 : f64, neura.rec_mii = 1.000000e+00 : f64, neura.s_buffer = 645120 : i64, neura.streaming_succs = [13 : i32], neura.task_id = 11 : i32, neura.v_live_out = 32 : i64}
[MapToAcceleratorPass] Topologically sorted op: %alloc_19 = memref.alloc() {alignment = 64 : i64} : memref<1x84xf32>
[MapToAcceleratorPass] Topologically sorted op: affine.yield
[MapToAcceleratorPass] Topologically sorted op: affine.for %arg2 = 0 to 84 {
  affine.store %cst_6, %alloc_19[%arg1, %arg2] : memref<1x84xf32>
}
[MapToAcceleratorPass] Topologically sorted op: affine.yield
[MapToAcceleratorPass] Topologically sorted op: affine.for %arg1 = 0 to 1 {
  affine.for %arg2 = 0 to 84 {
    affine.store %cst_6, %alloc_19[%arg1, %arg2] : memref<1x84xf32>
  }
} {neura.fan_avg = 0.000000e+00 : f64, neura.i_arith = 0.000000e+00 : f64, neura.l_depth = 1 : i32, neura.op_count = 4 : i64, neura.placement_x = 1 : i32, neura.placement_y = 1 : i32, neura.r_affine = 0.99999999899999991 : f64, neura.r_vec = 0.000000e+00 : f64, neura.rec_mii = 1.000000e+00 : f64, neura.s_buffer = 2688 : i64, neura.task_id = 12 : i32, neura.v_live_out = 32 : i64}
[MapToAcceleratorPass] Topologically sorted op: %alloc_20 = memref.alloc() {alignment = 64 : i64} : memref<1x84xf32>
[MapToAcceleratorPass] Topologically sorted op: affine.yield
[MapToAcceleratorPass] Topologically sorted op: affine.for %arg3 = 0 to 120 {
  %12 = affine.load %alloc_17[%arg1, %arg3] : memref<1x120xf32>
  %13 = affine.load %alloc_18[%arg3, %arg2] : memref<120x84xf32>
  %14 = affine.load %alloc_20[%arg1, %arg2] : memref<1x84xf32>
  %15 = arith.mulf %12, %13 : f32
  %16 = arith.addf %14, %15 : f32
  affine.store %16, %alloc_20[%arg1, %arg2] : memref<1x84xf32>
}
[MapToAcceleratorPass] Topologically sorted op: affine.yield
[MapToAcceleratorPass] Topologically sorted op: affine.for %arg2 = 0 to 84 {
  affine.for %arg3 = 0 to 120 {
    %12 = affine.load %alloc_17[%arg1, %arg3] : memref<1x120xf32>
    %13 = affine.load %alloc_18[%arg3, %arg2] : memref<120x84xf32>
    %14 = affine.load %alloc_20[%arg1, %arg2] : memref<1x84xf32>
    %15 = arith.mulf %12, %13 : f32
    %16 = arith.addf %14, %15 : f32
    affine.store %16, %alloc_20[%arg1, %arg2] : memref<1x84xf32>
  }
}
[MapToAcceleratorPass] Topologically sorted op: affine.yield
[MapToAcceleratorPass] Topologically sorted op: affine.for %arg1 = 0 to 1 {
  affine.for %arg2 = 0 to 84 {
    affine.for %arg3 = 0 to 120 {
      %12 = affine.load %alloc_17[%arg1, %arg3] : memref<1x120xf32>
      %13 = affine.load %alloc_18[%arg3, %arg2] : memref<120x84xf32>
      %14 = affine.load %alloc_20[%arg1, %arg2] : memref<1x84xf32>
      %15 = arith.mulf %12, %13 : f32
      %16 = arith.addf %14, %15 : f32
      affine.store %16, %alloc_20[%arg1, %arg2] : memref<1x84xf32>
    }
  }
} {neura.fan_avg = 0.45454545450413225 : f64, neura.i_arith = 0.49999999987499999 : f64, neura.l_depth = 2 : i32, neura.op_count = 11 : i64, neura.placement_x = 1 : i32, neura.placement_y = 0 : i32, neura.r_affine = 0.99999999974999997 : f64, neura.r_vec = 0.000000e+00 : f64, neura.rec_mii = 1.000000e+00 : f64, neura.s_buffer = 329088 : i64, neura.streaming_succs = [14 : i32], neura.task_id = 13 : i32, neura.v_live_out = 32 : i64}
[MapToAcceleratorPass] Topologically sorted op: %alloc_21 = memref.alloc() {alignment = 64 : i64} : memref<1x84xf32>
[MapToAcceleratorPass] Topologically sorted op: affine.yield
[MapToAcceleratorPass] Topologically sorted op: affine.for %arg2 = 0 to 84 {
  %12 = affine.load %alloc_20[%c0, %arg2] : memref<1x84xf32>
  %13 = affine.load %6[%arg2] : memref<84xf32>
  %14 = arith.addf %12, %13 : f32
  affine.store %14, %alloc_21[%arg1, %arg2] : memref<1x84xf32>
}
[MapToAcceleratorPass] Topologically sorted op: affine.yield
[MapToAcceleratorPass] Topologically sorted op: affine.for %arg1 = 0 to 1 {
  affine.for %arg2 = 0 to 84 {
    %12 = affine.load %alloc_20[%c0, %arg2] : memref<1x84xf32>
    %13 = affine.load %6[%arg2] : memref<84xf32>
    %14 = arith.addf %12, %13 : f32
    affine.store %14, %alloc_21[%arg1, %arg2] : memref<1x84xf32>
  }
} {neura.fan_avg = 0.42857142851020408 : f64, neura.i_arith = 0.33333333322222219 : f64, neura.l_depth = 1 : i32, neura.op_count = 7 : i64, neura.placement_x = 1 : i32, neura.placement_y = 0 : i32, neura.r_affine = 0.99999999966666663 : f64, neura.r_vec = 0.000000e+00 : f64, neura.rec_mii = 1.000000e+00 : f64, neura.s_buffer = 8064 : i64, neura.streaming_succs = [15 : i32], neura.task_id = 14 : i32, neura.v_live_out = 32 : i64}
[MapToAcceleratorPass] Topologically sorted op: %alloc_22 = memref.alloc() {alignment = 64 : i64} : memref<1x84xf32>
[MapToAcceleratorPass] Topologically sorted op: affine.yield
[MapToAcceleratorPass] Topologically sorted op: affine.for %arg2 = 0 to 84 {
  %12 = affine.load %alloc_21[%c0, %arg2] : memref<1x84xf32>
  %13 = arith.cmpf ugt, %12, %cst_6 : f32
  %14 = arith.select %13, %12, %cst_6 : f32
  affine.store %14, %alloc_22[%arg1, %arg2] : memref<1x84xf32>
}
[MapToAcceleratorPass] Topologically sorted op: affine.yield
[MapToAcceleratorPass] Topologically sorted op: affine.for %arg1 = 0 to 1 {
  affine.for %arg2 = 0 to 84 {
    %12 = affine.load %alloc_21[%c0, %arg2] : memref<1x84xf32>
    %13 = arith.cmpf ugt, %12, %cst_6 : f32
    %14 = arith.select %13, %12, %cst_6 : f32
    affine.store %14, %alloc_22[%arg1, %arg2] : memref<1x84xf32>
  }
} {neura.fan_avg = 0.57142857134693881 : f64, neura.i_arith = 0.99999999949999996 : f64, neura.l_depth = 1 : i32, neura.op_count = 7 : i64, neura.placement_x = 1 : i32, neura.placement_y = 0 : i32, neura.r_affine = 0.99999999949999996 : f64, neura.r_vec = 0.000000e+00 : f64, neura.rec_mii = 1.000000e+00 : f64, neura.s_buffer = 5376 : i64, neura.streaming_succs = [18 : i32], neura.task_id = 15 : i32, neura.v_live_out = 32 : i64}
[MapToAcceleratorPass] Topologically sorted op: %alloc_23 = memref.alloc() {alignment = 64 : i64} : memref<84x10xf32>
[MapToAcceleratorPass] Topologically sorted op: affine.yield
[MapToAcceleratorPass] Topologically sorted op: affine.for %arg2 = 0 to 84 {
  %12 = affine.load %7[%arg1, %arg2] : memref<10x84xf32>
  affine.store %12, %alloc_23[%arg2, %arg1] : memref<84x10xf32>
}
[MapToAcceleratorPass] Topologically sorted op: affine.yield
[MapToAcceleratorPass] Topologically sorted op: affine.for %arg1 = 0 to 10 {
  affine.for %arg2 = 0 to 84 {
    %12 = affine.load %7[%arg1, %arg2] : memref<10x84xf32>
    affine.store %12, %alloc_23[%arg2, %arg1] : memref<84x10xf32>
  }
} {neura.fan_avg = 0.19999999996000001 : f64, neura.i_arith = 0.000000e+00 : f64, neura.l_depth = 1 : i32, neura.op_count = 5 : i64, neura.placement_x = 0 : i32, neura.placement_y = 0 : i32, neura.r_affine = 0.99999999949999996 : f64, neura.r_vec = 0.000000e+00 : f64, neura.rec_mii = 1.000000e+00 : f64, neura.s_buffer = 53760 : i64, neura.streaming_succs = [18 : i32], neura.task_id = 16 : i32, neura.v_live_out = 32 : i64}
[MapToAcceleratorPass] Topologically sorted op: %alloc_24 = memref.alloc() {alignment = 64 : i64} : memref<1x10xf32>
[MapToAcceleratorPass] Topologically sorted op: affine.yield
[MapToAcceleratorPass] Topologically sorted op: affine.for %arg2 = 0 to 10 {
  affine.store %cst_6, %alloc_24[%arg1, %arg2] : memref<1x10xf32>
}
[MapToAcceleratorPass] Topologically sorted op: affine.yield
[MapToAcceleratorPass] Topologically sorted op: affine.for %arg1 = 0 to 1 {
  affine.for %arg2 = 0 to 10 {
    affine.store %cst_6, %alloc_24[%arg1, %arg2] : memref<1x10xf32>
  }
} {neura.fan_avg = 0.000000e+00 : f64, neura.i_arith = 0.000000e+00 : f64, neura.l_depth = 1 : i32, neura.op_count = 4 : i64, neura.placement_x = 2 : i32, neura.placement_y = 1 : i32, neura.r_affine = 0.99999999899999991 : f64, neura.r_vec = 0.000000e+00 : f64, neura.rec_mii = 1.000000e+00 : f64, neura.s_buffer = 320 : i64, neura.task_id = 17 : i32, neura.v_live_out = 32 : i64}
[MapToAcceleratorPass] Topologically sorted op: %alloc_25 = memref.alloc() {alignment = 64 : i64} : memref<1x10xf32>
[MapToAcceleratorPass] Topologically sorted op: affine.yield
[MapToAcceleratorPass] Topologically sorted op: affine.for %arg3 = 0 to 84 {
  %12 = affine.load %alloc_22[%arg1, %arg3] : memref<1x84xf32>
  %13 = affine.load %alloc_23[%arg3, %arg2] : memref<84x10xf32>
  %14 = affine.load %alloc_25[%arg1, %arg2] : memref<1x10xf32>
  %15 = arith.mulf %12, %13 : f32
  %16 = arith.addf %14, %15 : f32
  affine.store %16, %alloc_25[%arg1, %arg2] : memref<1x10xf32>
}
[MapToAcceleratorPass] Topologically sorted op: affine.yield
[MapToAcceleratorPass] Topologically sorted op: affine.for %arg2 = 0 to 10 {
  affine.for %arg3 = 0 to 84 {
    %12 = affine.load %alloc_22[%arg1, %arg3] : memref<1x84xf32>
    %13 = affine.load %alloc_23[%arg3, %arg2] : memref<84x10xf32>
    %14 = affine.load %alloc_25[%arg1, %arg2] : memref<1x10xf32>
    %15 = arith.mulf %12, %13 : f32
    %16 = arith.addf %14, %15 : f32
    affine.store %16, %alloc_25[%arg1, %arg2] : memref<1x10xf32>
  }
}
[MapToAcceleratorPass] Topologically sorted op: affine.yield
[MapToAcceleratorPass] Topologically sorted op: affine.for %arg1 = 0 to 1 {
  affine.for %arg2 = 0 to 10 {
    affine.for %arg3 = 0 to 84 {
      %12 = affine.load %alloc_22[%arg1, %arg3] : memref<1x84xf32>
      %13 = affine.load %alloc_23[%arg3, %arg2] : memref<84x10xf32>
      %14 = affine.load %alloc_25[%arg1, %arg2] : memref<1x10xf32>
      %15 = arith.mulf %12, %13 : f32
      %16 = arith.addf %14, %15 : f32
      affine.store %16, %alloc_25[%arg1, %arg2] : memref<1x10xf32>
    }
  }
} {neura.fan_avg = 0.45454545450413225 : f64, neura.i_arith = 0.49999999987499999 : f64, neura.l_depth = 2 : i32, neura.op_count = 11 : i64, neura.placement_x = 0 : i32, neura.placement_y = 0 : i32, neura.r_affine = 0.99999999974999997 : f64, neura.r_vec = 0.000000e+00 : f64, neura.rec_mii = 1.000000e+00 : f64, neura.s_buffer = 29888 : i64, neura.streaming_succs = [19 : i32], neura.task_id = 18 : i32, neura.v_live_out = 32 : i64}
[MapToAcceleratorPass] Topologically sorted op: %alloc_26 = memref.alloc() {alignment = 64 : i64} : memref<1x10xf32>
[MapToAcceleratorPass] Topologically sorted op: affine.yield
[MapToAcceleratorPass] Topologically sorted op: affine.for %arg2 = 0 to 10 {
  %12 = affine.load %alloc_25[%c0, %arg2] : memref<1x10xf32>
  %13 = affine.load %8[%arg2] : memref<10xf32>
  %14 = arith.addf %12, %13 : f32
  affine.store %14, %alloc_26[%arg1, %arg2] : memref<1x10xf32>
}
[MapToAcceleratorPass] Topologically sorted op: affine.yield
[MapToAcceleratorPass] Topologically sorted op: affine.for %arg1 = 0 to 1 {
  affine.for %arg2 = 0 to 10 {
    %12 = affine.load %alloc_25[%c0, %arg2] : memref<1x10xf32>
    %13 = affine.load %8[%arg2] : memref<10xf32>
    %14 = arith.addf %12, %13 : f32
    affine.store %14, %alloc_26[%arg1, %arg2] : memref<1x10xf32>
  }
} {neura.fan_avg = 0.42857142851020408 : f64, neura.i_arith = 0.33333333322222219 : f64, neura.l_depth = 1 : i32, neura.op_count = 7 : i64, neura.placement_x = 0 : i32, neura.placement_y = 0 : i32, neura.r_affine = 0.99999999966666663 : f64, neura.r_vec = 0.000000e+00 : f64, neura.rec_mii = 1.000000e+00 : f64, neura.s_buffer = 960 : i64, neura.task_id = 19 : i32, neura.v_live_out = 32 : i64}
[MapToAcceleratorPass] Topologically sorted op: %8 = bufferization.to_memref %cst : tensor<10xf32> to memref<10xf32>
[MapToAcceleratorPass] Topologically sorted op: %7 = bufferization.to_memref %cst_0 : tensor<10x84xf32> to memref<10x84xf32>
[MapToAcceleratorPass] Topologically sorted op: %6 = bufferization.to_memref %cst_1 : tensor<84xf32> to memref<84xf32>
[MapToAcceleratorPass] Topologically sorted op: %5 = bufferization.to_memref %cst_2 : tensor<84x120xf32> to memref<84x120xf32>
[MapToAcceleratorPass] Topologically sorted op: %4 = bufferization.to_memref %cst_3 : tensor<120xf32> to memref<120xf32>
[MapToAcceleratorPass] Topologically sorted op: %3 = bufferization.to_memref %cst_4 : tensor<120x400xf32> to memref<120x400xf32>
[MapToAcceleratorPass] Topologically sorted op: %2 = bufferization.to_memref %cst_5 : tensor<16x6x5x5xf32> to memref<16x6x5x5xf32>
[MapToAcceleratorPass] Topologically sorted op: %1 = bufferization.to_memref %cst_7 : tensor<6x3x5x5xf32> to memref<6x3x5x5xf32>
[MapToAcceleratorPass] Topologically sorted op: affine.store %cst_6, %alloc[%arg1, %arg2, %arg3, %arg4] : memref<1x6x14x14xf32>
[MapToAcceleratorPass] Topologically sorted op: %12 = affine.load %alloc_8[%c0, %arg2, %arg3, %arg4] : memref<1x6x14x14xf32>
[MapToAcceleratorPass] Topologically sorted op: %16 = affine.load %alloc_8[%arg1, %arg2, %arg3, %arg4] : memref<1x6x14x14xf32>
[MapToAcceleratorPass] Topologically sorted op: memref.copy %alloc, %alloc_8 : memref<1x6x14x14xf32> to memref<1x6x14x14xf32>
[MapToAcceleratorPass] Topologically sorted op: %14 = affine.load %0[%arg1, %arg5, %12, %13] : memref<1x3x32x32xf32>
[MapToAcceleratorPass] Topologically sorted op: affine.store %cst_6, %alloc_10[%arg1, %arg2, %arg3, %arg4] : memref<1x16x5x5xf32>
[MapToAcceleratorPass] Topologically sorted op: %12 = affine.load %alloc_11[%c0, %arg2, %arg3, %arg4] : memref<1x16x5x5xf32>
[MapToAcceleratorPass] Topologically sorted op: %16 = affine.load %alloc_11[%arg1, %arg2, %arg3, %arg4] : memref<1x16x5x5xf32>
[MapToAcceleratorPass] Topologically sorted op: memref.copy %alloc_10, %alloc_11 : memref<1x16x5x5xf32> to memref<1x16x5x5xf32>
[MapToAcceleratorPass] Topologically sorted op: %14 = affine.load %alloc_9[%arg1, %arg5, %12, %13] : memref<1x6x14x14xf32>
[MapToAcceleratorPass] Topologically sorted op: %9 = bufferization.to_tensor %alloc_12 : memref<1x16x5x5xf32> to tensor<1x16x5x5xf32>
[MapToAcceleratorPass] Topologically sorted op: %13 = affine.load %alloc_13[%arg3, %arg2] : memref<400x120xf32>
[MapToAcceleratorPass] Topologically sorted op: affine.store %cst_6, %alloc_14[%arg1, %arg2] : memref<1x120xf32>
[MapToAcceleratorPass] Topologically sorted op: %12 = affine.load %alloc_15[%c0, %arg2] : memref<1x120xf32>
[MapToAcceleratorPass] Topologically sorted op: %14 = affine.load %alloc_15[%arg1, %arg2] : memref<1x120xf32>
[MapToAcceleratorPass] Topologically sorted op: memref.copy %alloc_14, %alloc_15 : memref<1x120xf32> to memref<1x120xf32>
[MapToAcceleratorPass] Topologically sorted op: %12 = affine.load %alloc_16[%c0, %arg2] : memref<1x120xf32>
[MapToAcceleratorPass] Topologically sorted op: %12 = affine.load %alloc_17[%arg1, %arg3] : memref<1x120xf32>
[MapToAcceleratorPass] Topologically sorted op: %13 = affine.load %alloc_18[%arg3, %arg2] : memref<120x84xf32>
[MapToAcceleratorPass] Topologically sorted op: affine.store %cst_6, %alloc_19[%arg1, %arg2] : memref<1x84xf32>
[MapToAcceleratorPass] Topologically sorted op: %12 = affine.load %alloc_20[%c0, %arg2] : memref<1x84xf32>
[MapToAcceleratorPass] Topologically sorted op: %14 = affine.load %alloc_20[%arg1, %arg2] : memref<1x84xf32>
[MapToAcceleratorPass] Topologically sorted op: memref.copy %alloc_19, %alloc_20 : memref<1x84xf32> to memref<1x84xf32>
[MapToAcceleratorPass] Topologically sorted op: %12 = affine.load %alloc_21[%c0, %arg2] : memref<1x84xf32>
[MapToAcceleratorPass] Topologically sorted op: %12 = affine.load %alloc_22[%arg1, %arg3] : memref<1x84xf32>
[MapToAcceleratorPass] Topologically sorted op: %13 = affine.load %alloc_23[%arg3, %arg2] : memref<84x10xf32>
[MapToAcceleratorPass] Topologically sorted op: affine.store %cst_6, %alloc_24[%arg1, %arg2] : memref<1x10xf32>
[MapToAcceleratorPass] Topologically sorted op: %12 = affine.load %alloc_25[%c0, %arg2] : memref<1x10xf32>
[MapToAcceleratorPass] Topologically sorted op: %14 = affine.load %alloc_25[%arg1, %arg2] : memref<1x10xf32>
[MapToAcceleratorPass] Topologically sorted op: memref.copy %alloc_24, %alloc_25 : memref<1x10xf32> to memref<1x10xf32>
[MapToAcceleratorPass] Topologically sorted op: %11 = bufferization.to_tensor %alloc_26 : memref<1x10xf32> to tensor<1x10xf32>
[MapToAcceleratorPass] Topologically sorted op: %13 = affine.load %8[%arg2] : memref<10xf32>
[MapToAcceleratorPass] Topologically sorted op: %12 = affine.load %7[%arg1, %arg2] : memref<10x84xf32>
[MapToAcceleratorPass] Topologically sorted op: %13 = affine.load %6[%arg2] : memref<84xf32>
[MapToAcceleratorPass] Topologically sorted op: %12 = affine.load %5[%arg1, %arg2] : memref<84x120xf32>
[MapToAcceleratorPass] Topologically sorted op: %13 = affine.load %4[%arg2] : memref<120xf32>
[MapToAcceleratorPass] Topologically sorted op: %12 = affine.load %3[%arg1, %arg2] : memref<120x400xf32>
[MapToAcceleratorPass] Topologically sorted op: %15 = affine.load %2[%arg2, %arg5, %arg6, %arg7] : memref<16x6x5x5xf32>
[MapToAcceleratorPass] Topologically sorted op: %15 = affine.load %1[%arg2, %arg5, %arg6, %arg7] : memref<6x3x5x5xf32>
[MapToAcceleratorPass] Topologically sorted op: %13 = arith.cmpf ugt, %12, %cst_6 : f32
[MapToAcceleratorPass] Topologically sorted op: %13 = arith.cmpf ugt, %12, %cst_6 : f32
[MapToAcceleratorPass] Topologically sorted op: %collapsed = tensor.collapse_shape %9 [[0], [1, 2, 3]] : tensor<1x16x5x5xf32> into tensor<1x400xf32>
[MapToAcceleratorPass] Topologically sorted op: %13 = arith.cmpf ugt, %12, %cst_6 : f32
[MapToAcceleratorPass] Topologically sorted op: %15 = arith.mulf %12, %13 : f32
[MapToAcceleratorPass] Topologically sorted op: %13 = arith.cmpf ugt, %12, %cst_6 : f32
[MapToAcceleratorPass] Topologically sorted op: %15 = arith.mulf %12, %13 : f32
[MapToAcceleratorPass] Topologically sorted op: func.return %11 : tensor<1x10xf32>
[MapToAcceleratorPass] Topologically sorted op: %14 = arith.addf %12, %13 : f32
[MapToAcceleratorPass] Topologically sorted op: affine.store %12, %alloc_23[%arg2, %arg1] : memref<84x10xf32>
[MapToAcceleratorPass] Topologically sorted op: %14 = arith.addf %12, %13 : f32
[MapToAcceleratorPass] Topologically sorted op: affine.store %12, %alloc_18[%arg2, %arg1] : memref<120x84xf32>
[MapToAcceleratorPass] Topologically sorted op: %14 = arith.addf %12, %13 : f32
[MapToAcceleratorPass] Topologically sorted op: affine.store %12, %alloc_13[%arg2, %arg1] : memref<400x120xf32>
[MapToAcceleratorPass] Topologically sorted op: %17 = arith.mulf %14, %15 : f32
[MapToAcceleratorPass] Topologically sorted op: %17 = arith.mulf %14, %15 : f32
[MapToAcceleratorPass] Topologically sorted op: %14 = arith.select %13, %12, %cst_6 : f32
[MapToAcceleratorPass] Topologically sorted op: %14 = arith.select %13, %12, %cst_6 : f32
[MapToAcceleratorPass] Topologically sorted op: %10 = bufferization.to_memref %collapsed : tensor<1x400xf32> to memref<1x400xf32>
[MapToAcceleratorPass] Topologically sorted op: %14 = arith.select %13, %12, %cst_6 : f32
[MapToAcceleratorPass] Topologically sorted op: %16 = arith.addf %14, %15 : f32
[MapToAcceleratorPass] Topologically sorted op: %14 = arith.select %13, %12, %cst_6 : f32
[MapToAcceleratorPass] Topologically sorted op: %16 = arith.addf %14, %15 : f32
[MapToAcceleratorPass] Topologically sorted op: affine.store %14, %alloc_26[%arg1, %arg2] : memref<1x10xf32>
[MapToAcceleratorPass] Topologically sorted op: affine.store %14, %alloc_21[%arg1, %arg2] : memref<1x84xf32>
[MapToAcceleratorPass] Topologically sorted op: affine.store %14, %alloc_16[%arg1, %arg2] : memref<1x120xf32>
[MapToAcceleratorPass] Topologically sorted op: %18 = arith.addf %16, %17 : f32
[MapToAcceleratorPass] Topologically sorted op: %18 = arith.addf %16, %17 : f32
[MapToAcceleratorPass] Topologically sorted op: affine.store %14, %alloc_9[%arg1, %arg2, %arg3, %arg4] : memref<1x6x14x14xf32>
[MapToAcceleratorPass] Topologically sorted op: affine.store %14, %alloc_12[%arg1, %arg2, %arg3, %arg4] : memref<1x16x5x5xf32>
[MapToAcceleratorPass] Topologically sorted op: %12 = affine.load %10[%arg1, %arg3] : memref<1x400xf32>
[MapToAcceleratorPass] Topologically sorted op: affine.store %14, %alloc_17[%arg1, %arg2] : memref<1x120xf32>
[MapToAcceleratorPass] Topologically sorted op: affine.store %16, %alloc_20[%arg1, %arg2] : memref<1x84xf32>
[MapToAcceleratorPass] Topologically sorted op: affine.store %14, %alloc_22[%arg1, %arg2] : memref<1x84xf32>
[MapToAcceleratorPass] Topologically sorted op: affine.store %16, %alloc_25[%arg1, %arg2] : memref<1x10xf32>
[MapToAcceleratorPass] Topologically sorted op: affine.store %18, %alloc_11[%arg1, %arg2, %arg3, %arg4] : memref<1x16x5x5xf32>
[MapToAcceleratorPass] Topologically sorted op: affine.store %18, %alloc_8[%arg1, %arg2, %arg3, %arg4] : memref<1x6x14x14xf32>
[MapToAcceleratorPass] Topologically sorted op: %15 = arith.mulf %12, %13 : f32
[MapToAcceleratorPass] Topologically sorted op: %16 = arith.addf %14, %15 : f32
[MapToAcceleratorPass] Topologically sorted op: affine.store %16, %alloc_15[%arg1, %arg2] : memref<1x120xf32>
[MapToAcceleratorPass] ALAP Bucket Level 0: 1 ops
  %alloc_12 = memref.alloc() {alignment = 64 : i64} : memref<1x16x5x5xf32>
[MapToAcceleratorPass] ALAP Bucket Level 1: 1 ops
  %9 = bufferization.to_tensor %alloc_12 : memref<1x16x5x5xf32> to tensor<1x16x5x5xf32>
[MapToAcceleratorPass] ALAP Bucket Level 2: 3 ops
  %cst_5 = arith.constant dense_resource<torch_tensor_16_6_5_5_torch.float32> : tensor<16x6x5x5xf32>
  %cst_7 = arith.constant dense_resource<torch_tensor_6_3_5_5_torch.float32> : tensor<6x3x5x5xf32>
  %collapsed = tensor.collapse_shape %9 [[0], [1, 2, 3]] : tensor<1x16x5x5xf32> into tensor<1x400xf32>
[MapToAcceleratorPass] ALAP Bucket Level 3: 22 ops
  %c0 = arith.constant 0 : index
  %cst = arith.constant dense_resource<torch_tensor_10_torch.float32> : tensor<10xf32>
  %cst_1 = arith.constant dense_resource<torch_tensor_84_torch.float32> : tensor<84xf32>
  %cst_3 = arith.constant dense_resource<torch_tensor_120_torch.float32> : tensor<120xf32>
  %0 = bufferization.to_memref %arg0 : tensor<1x3x32x32xf32> to memref<1x3x32x32xf32>
  %alloc_8 = memref.alloc() {alignment = 64 : i64} : memref<1x6x14x14xf32>
  %12 = affine.apply affine_map<(d0, d1) -> (d0 * 2 + d1)>(%arg3, %arg6)
  %13 = affine.apply affine_map<(d0, d1) -> (d0 * 2 + d1)>(%arg4, %arg7)
  %alloc_9 = memref.alloc() {alignment = 64 : i64} : memref<1x6x14x14xf32>
  %alloc_11 = memref.alloc() {alignment = 64 : i64} : memref<1x16x5x5xf32>
  %12 = affine.apply affine_map<(d0, d1) -> (d0 * 2 + d1)>(%arg3, %arg6)
  %13 = affine.apply affine_map<(d0, d1) -> (d0 * 2 + d1)>(%arg4, %arg7)
  %alloc_13 = memref.alloc() {alignment = 64 : i64} : memref<400x120xf32>
  %alloc_16 = memref.alloc() {alignment = 64 : i64} : memref<1x120xf32>
  %alloc_17 = memref.alloc() {alignment = 64 : i64} : memref<1x120xf32>
  %alloc_18 = memref.alloc() {alignment = 64 : i64} : memref<120x84xf32>
  %alloc_21 = memref.alloc() {alignment = 64 : i64} : memref<1x84xf32>
  %alloc_22 = memref.alloc() {alignment = 64 : i64} : memref<1x84xf32>
  %alloc_23 = memref.alloc() {alignment = 64 : i64} : memref<84x10xf32>
  %2 = bufferization.to_memref %cst_5 : tensor<16x6x5x5xf32> to memref<16x6x5x5xf32>
  %1 = bufferization.to_memref %cst_7 : tensor<6x3x5x5xf32> to memref<6x3x5x5xf32>
  %10 = bufferization.to_memref %collapsed : tensor<1x400xf32> to memref<1x400xf32>
[MapToAcceleratorPass] ALAP Bucket Level 4: 24 ops
  %cst_0 = arith.constant dense_resource<torch_tensor_10_84_torch.float32> : tensor<10x84xf32>
  %cst_2 = arith.constant dense_resource<torch_tensor_84_120_torch.float32> : tensor<84x120xf32>
  %cst_4 = arith.constant dense_resource<torch_tensor_120_400_torch.float32> : tensor<120x400xf32>
  %cst_6 = arith.constant 0.000000e+00 : f32
  %alloc_15 = memref.alloc() {alignment = 64 : i64} : memref<1x120xf32>
  %alloc_20 = memref.alloc() {alignment = 64 : i64} : memref<1x84xf32>
  %alloc_25 = memref.alloc() {alignment = 64 : i64} : memref<1x10xf32>
  %8 = bufferization.to_memref %cst : tensor<10xf32> to memref<10xf32>
  %6 = bufferization.to_memref %cst_1 : tensor<84xf32> to memref<84xf32>
  %4 = bufferization.to_memref %cst_3 : tensor<120xf32> to memref<120xf32>
  %12 = affine.load %alloc_8[%c0, %arg2, %arg3, %arg4] : memref<1x6x14x14xf32>
  %14 = affine.load %0[%arg1, %arg5, %12, %13] : memref<1x3x32x32xf32>
  %12 = affine.load %alloc_11[%c0, %arg2, %arg3, %arg4] : memref<1x16x5x5xf32>
  %14 = affine.load %alloc_9[%arg1, %arg5, %12, %13] : memref<1x6x14x14xf32>
  %13 = affine.load %alloc_13[%arg3, %arg2] : memref<400x120xf32>
  %12 = affine.load %alloc_16[%c0, %arg2] : memref<1x120xf32>
  %12 = affine.load %alloc_17[%arg1, %arg3] : memref<1x120xf32>
  %13 = affine.load %alloc_18[%arg3, %arg2] : memref<120x84xf32>
  %12 = affine.load %alloc_21[%c0, %arg2] : memref<1x84xf32>
  %12 = affine.load %alloc_22[%arg1, %arg3] : memref<1x84xf32>
  %13 = affine.load %alloc_23[%arg3, %arg2] : memref<84x10xf32>
  %15 = affine.load %2[%arg2, %arg5, %arg6, %arg7] : memref<16x6x5x5xf32>
  %15 = affine.load %1[%arg2, %arg5, %arg6, %arg7] : memref<6x3x5x5xf32>
  %12 = affine.load %10[%arg1, %arg3] : memref<1x400xf32>
[MapToAcceleratorPass] ALAP Bucket Level 5: 24 ops
  %alloc_26 = memref.alloc() {alignment = 64 : i64} : memref<1x10xf32>
  %7 = bufferization.to_memref %cst_0 : tensor<10x84xf32> to memref<10x84xf32>
  %5 = bufferization.to_memref %cst_2 : tensor<84x120xf32> to memref<84x120xf32>
  %3 = bufferization.to_memref %cst_4 : tensor<120x400xf32> to memref<120x400xf32>
  %16 = affine.load %alloc_8[%arg1, %arg2, %arg3, %arg4] : memref<1x6x14x14xf32>
  %16 = affine.load %alloc_11[%arg1, %arg2, %arg3, %arg4] : memref<1x16x5x5xf32>
  %12 = affine.load %alloc_15[%c0, %arg2] : memref<1x120xf32>
  %14 = affine.load %alloc_15[%arg1, %arg2] : memref<1x120xf32>
  %12 = affine.load %alloc_20[%c0, %arg2] : memref<1x84xf32>
  %14 = affine.load %alloc_20[%arg1, %arg2] : memref<1x84xf32>
  %12 = affine.load %alloc_25[%c0, %arg2] : memref<1x10xf32>
  %14 = affine.load %alloc_25[%arg1, %arg2] : memref<1x10xf32>
  %13 = affine.load %8[%arg2] : memref<10xf32>
  %13 = affine.load %6[%arg2] : memref<84xf32>
  %13 = affine.load %4[%arg2] : memref<120xf32>
  %13 = arith.cmpf ugt, %12, %cst_6 : f32
  %13 = arith.cmpf ugt, %12, %cst_6 : f32
  %13 = arith.cmpf ugt, %12, %cst_6 : f32
  %15 = arith.mulf %12, %13 : f32
  %13 = arith.cmpf ugt, %12, %cst_6 : f32
  %15 = arith.mulf %12, %13 : f32
  %17 = arith.mulf %14, %15 : f32
  %17 = arith.mulf %14, %15 : f32
  %15 = arith.mulf %12, %13 : f32
[MapToAcceleratorPass] ALAP Bucket Level 6: 21 ops
  %alloc = memref.alloc() {alignment = 64 : i64} : memref<1x6x14x14xf32>
  %alloc_10 = memref.alloc() {alignment = 64 : i64} : memref<1x16x5x5xf32>
  %alloc_14 = memref.alloc() {alignment = 64 : i64} : memref<1x120xf32>
  %alloc_19 = memref.alloc() {alignment = 64 : i64} : memref<1x84xf32>
  %alloc_24 = memref.alloc() {alignment = 64 : i64} : memref<1x10xf32>
  %11 = bufferization.to_tensor %alloc_26 : memref<1x10xf32> to tensor<1x10xf32>
  %12 = affine.load %7[%arg1, %arg2] : memref<10x84xf32>
  %12 = affine.load %5[%arg1, %arg2] : memref<84x120xf32>
  %12 = affine.load %3[%arg1, %arg2] : memref<120x400xf32>
  %14 = arith.addf %12, %13 : f32
  %14 = arith.addf %12, %13 : f32
  %14 = arith.addf %12, %13 : f32
  %14 = arith.select %13, %12, %cst_6 : f32
  %14 = arith.select %13, %12, %cst_6 : f32
  %14 = arith.select %13, %12, %cst_6 : f32
  %16 = arith.addf %14, %15 : f32
  %14 = arith.select %13, %12, %cst_6 : f32
  %16 = arith.addf %14, %15 : f32
  %18 = arith.addf %16, %17 : f32
  %18 = arith.addf %16, %17 : f32
  %16 = arith.addf %14, %15 : f32
[MapToAcceleratorPass] ALAP Bucket Level 7: 148 ops
  affine.yield
  affine.for %arg4 = 0 to 14 {
  affine.store %cst_6, %alloc[%arg1, %arg2, %arg3, %arg4] : memref<1x6x14x14xf32>
}
  affine.yield
  affine.for %arg3 = 0 to 14 {
  affine.for %arg4 = 0 to 14 {
    affine.store %cst_6, %alloc[%arg1, %arg2, %arg3, %arg4] : memref<1x6x14x14xf32>
  }
}
  affine.yield
  affine.for %arg2 = 0 to 6 {
  affine.for %arg3 = 0 to 14 {
    affine.for %arg4 = 0 to 14 {
      affine.store %cst_6, %alloc[%arg1, %arg2, %arg3, %arg4] : memref<1x6x14x14xf32>
    }
  }
}
  affine.yield
  affine.for %arg1 = 0 to 1 {
  affine.for %arg2 = 0 to 6 {
    affine.for %arg3 = 0 to 14 {
      affine.for %arg4 = 0 to 14 {
        affine.store %cst_6, %alloc[%arg1, %arg2, %arg3, %arg4] : memref<1x6x14x14xf32>
      }
    }
  }
} {neura.fan_avg = 0.000000e+00 : f64, neura.i_arith = 0.000000e+00 : f64, neura.l_depth = 3 : i32, neura.op_count = 8 : i64, neura.placement_x = 2 : i32, neura.placement_y = 0 : i32, neura.r_affine = 0.99999999899999991 : f64, neura.r_vec = 0.000000e+00 : f64, neura.rec_mii = 1.000000e+00 : f64, neura.s_buffer = 37632 : i64, neura.task_id = 0 : i32, neura.v_live_out = 32 : i64}
  affine.yield
  affine.for %arg7 = 0 to 5 {
  %12 = affine.apply affine_map<(d0, d1) -> (d0 * 2 + d1)>(%arg3, %arg6)
  %13 = affine.apply affine_map<(d0, d1) -> (d0 * 2 + d1)>(%arg4, %arg7)
  %14 = affine.load %0[%arg1, %arg5, %12, %13] : memref<1x3x32x32xf32>
  %15 = affine.load %1[%arg2, %arg5, %arg6, %arg7] : memref<6x3x5x5xf32>
  %16 = affine.load %alloc_8[%arg1, %arg2, %arg3, %arg4] : memref<1x6x14x14xf32>
  %17 = arith.mulf %14, %15 : f32
  %18 = arith.addf %16, %17 : f32
  affine.store %18, %alloc_8[%arg1, %arg2, %arg3, %arg4] : memref<1x6x14x14xf32>
}
  affine.yield
  affine.for %arg6 = 0 to 5 {
  affine.for %arg7 = 0 to 5 {
    %12 = affine.apply affine_map<(d0, d1) -> (d0 * 2 + d1)>(%arg3, %arg6)
    %13 = affine.apply affine_map<(d0, d1) -> (d0 * 2 + d1)>(%arg4, %arg7)
    %14 = affine.load %0[%arg1, %arg5, %12, %13] : memref<1x3x32x32xf32>
    %15 = affine.load %1[%arg2, %arg5, %arg6, %arg7] : memref<6x3x5x5xf32>
    %16 = affine.load %alloc_8[%arg1, %arg2, %arg3, %arg4] : memref<1x6x14x14xf32>
    %17 = arith.mulf %14, %15 : f32
    %18 = arith.addf %16, %17 : f32
    affine.store %18, %alloc_8[%arg1, %arg2, %arg3, %arg4] : memref<1x6x14x14xf32>
  }
}
  affine.yield
  affine.for %arg5 = 0 to 3 {
  affine.for %arg6 = 0 to 5 {
    affine.for %arg7 = 0 to 5 {
      %12 = affine.apply affine_map<(d0, d1) -> (d0 * 2 + d1)>(%arg3, %arg6)
      %13 = affine.apply affine_map<(d0, d1) -> (d0 * 2 + d1)>(%arg4, %arg7)
      %14 = affine.load %0[%arg1, %arg5, %12, %13] : memref<1x3x32x32xf32>
      %15 = affine.load %1[%arg2, %arg5, %arg6, %arg7] : memref<6x3x5x5xf32>
      %16 = affine.load %alloc_8[%arg1, %arg2, %arg3, %arg4] : memref<1x6x14x14xf32>
      %17 = arith.mulf %14, %15 : f32
      %18 = arith.addf %16, %17 : f32
      affine.store %18, %alloc_8[%arg1, %arg2, %arg3, %arg4] : memref<1x6x14x14xf32>
    }
  }
}
  affine.yield
  affine.for %arg4 = 0 to 14 {
  affine.for %arg5 = 0 to 3 {
    affine.for %arg6 = 0 to 5 {
      affine.for %arg7 = 0 to 5 {
        %12 = affine.apply affine_map<(d0, d1) -> (d0 * 2 + d1)>(%arg3, %arg6)
        %13 = affine.apply affine_map<(d0, d1) -> (d0 * 2 + d1)>(%arg4, %arg7)
        %14 = affine.load %0[%arg1, %arg5, %12, %13] : memref<1x3x32x32xf32>
        %15 = affine.load %1[%arg2, %arg5, %arg6, %arg7] : memref<6x3x5x5xf32>
        %16 = affine.load %alloc_8[%arg1, %arg2, %arg3, %arg4] : memref<1x6x14x14xf32>
        %17 = arith.mulf %14, %15 : f32
        %18 = arith.addf %16, %17 : f32
        affine.store %18, %alloc_8[%arg1, %arg2, %arg3, %arg4] : memref<1x6x14x14xf32>
      }
    }
  }
}
  affine.yield
  affine.for %arg3 = 0 to 14 {
  affine.for %arg4 = 0 to 14 {
    affine.for %arg5 = 0 to 3 {
      affine.for %arg6 = 0 to 5 {
        affine.for %arg7 = 0 to 5 {
          %12 = affine.apply affine_map<(d0, d1) -> (d0 * 2 + d1)>(%arg3, %arg6)
          %13 = affine.apply affine_map<(d0, d1) -> (d0 * 2 + d1)>(%arg4, %arg7)
          %14 = affine.load %0[%arg1, %arg5, %12, %13] : memref<1x3x32x32xf32>
          %15 = affine.load %1[%arg2, %arg5, %arg6, %arg7] : memref<6x3x5x5xf32>
          %16 = affine.load %alloc_8[%arg1, %arg2, %arg3, %arg4] : memref<1x6x14x14xf32>
          %17 = arith.mulf %14, %15 : f32
          %18 = arith.addf %16, %17 : f32
          affine.store %18, %alloc_8[%arg1, %arg2, %arg3, %arg4] : memref<1x6x14x14xf32>
        }
      }
    }
  }
}
  affine.yield
  affine.for %arg2 = 0 to 6 {
  affine.for %arg3 = 0 to 14 {
    affine.for %arg4 = 0 to 14 {
      affine.for %arg5 = 0 to 3 {
        affine.for %arg6 = 0 to 5 {
          affine.for %arg7 = 0 to 5 {
            %12 = affine.apply affine_map<(d0, d1) -> (d0 * 2 + d1)>(%arg3, %arg6)
            %13 = affine.apply affine_map<(d0, d1) -> (d0 * 2 + d1)>(%arg4, %arg7)
            %14 = affine.load %0[%arg1, %arg5, %12, %13] : memref<1x3x32x32xf32>
            %15 = affine.load %1[%arg2, %arg5, %arg6, %arg7] : memref<6x3x5x5xf32>
            %16 = affine.load %alloc_8[%arg1, %arg2, %arg3, %arg4] : memref<1x6x14x14xf32>
            %17 = arith.mulf %14, %15 : f32
            %18 = arith.addf %16, %17 : f32
            affine.store %18, %alloc_8[%arg1, %arg2, %arg3, %arg4] : memref<1x6x14x14xf32>
          }
        }
      }
    }
  }
}
  affine.yield
  affine.for %arg1 = 0 to 1 {
  affine.for %arg2 = 0 to 6 {
    affine.for %arg3 = 0 to 14 {
      affine.for %arg4 = 0 to 14 {
        affine.for %arg5 = 0 to 3 {
          affine.for %arg6 = 0 to 5 {
            affine.for %arg7 = 0 to 5 {
              %12 = affine.apply affine_map<(d0, d1) -> (d0 * 2 + d1)>(%arg3, %arg6)
              %13 = affine.apply affine_map<(d0, d1) -> (d0 * 2 + d1)>(%arg4, %arg7)
              %14 = affine.load %0[%arg1, %arg5, %12, %13] : memref<1x3x32x32xf32>
              %15 = affine.load %1[%arg2, %arg5, %arg6, %arg7] : memref<6x3x5x5xf32>
              %16 = affine.load %alloc_8[%arg1, %arg2, %arg3, %arg4] : memref<1x6x14x14xf32>
              %17 = arith.mulf %14, %15 : f32
              %18 = arith.addf %16, %17 : f32
              affine.store %18, %alloc_8[%arg1, %arg2, %arg3, %arg4] : memref<1x6x14x14xf32>
            }
          }
        }
      }
    }
  }
} {neura.fan_avg = 0.33333333331746029 : f64, neura.i_arith = 0.49999999987499999 : f64, neura.l_depth = 6 : i32, neura.op_count = 21 : i64, neura.placement_x = 0 : i32, neura.placement_y = 0 : i32, neura.r_affine = 0.99999999974999997 : f64, neura.r_vec = 0.000000e+00 : f64, neura.rec_mii = 1.000000e+00 : f64, neura.s_buffer = 150336 : i64, neura.streaming_succs = [2 : i32], neura.task_id = 1 : i32, neura.v_live_out = 32 : i64}
  affine.yield
  affine.for %arg4 = 0 to 14 {
  %12 = affine.load %alloc_8[%c0, %arg2, %arg3, %arg4] : memref<1x6x14x14xf32>
  %13 = arith.cmpf ugt, %12, %cst_6 : f32
  %14 = arith.select %13, %12, %cst_6 : f32
  affine.store %14, %alloc_9[%arg1, %arg2, %arg3, %arg4] : memref<1x6x14x14xf32>
}
  affine.yield
  affine.for %arg3 = 0 to 14 {
  affine.for %arg4 = 0 to 14 {
    %12 = affine.load %alloc_8[%c0, %arg2, %arg3, %arg4] : memref<1x6x14x14xf32>
    %13 = arith.cmpf ugt, %12, %cst_6 : f32
    %14 = arith.select %13, %12, %cst_6 : f32
    affine.store %14, %alloc_9[%arg1, %arg2, %arg3, %arg4] : memref<1x6x14x14xf32>
  }
}
  affine.yield
  affine.for %arg2 = 0 to 6 {
  affine.for %arg3 = 0 to 14 {
    affine.for %arg4 = 0 to 14 {
      %12 = affine.load %alloc_8[%c0, %arg2, %arg3, %arg4] : memref<1x6x14x14xf32>
      %13 = arith.cmpf ugt, %12, %cst_6 : f32
      %14 = arith.select %13, %12, %cst_6 : f32
      affine.store %14, %alloc_9[%arg1, %arg2, %arg3, %arg4] : memref<1x6x14x14xf32>
    }
  }
}
  affine.yield
  affine.for %arg1 = 0 to 1 {
  affine.for %arg2 = 0 to 6 {
    affine.for %arg3 = 0 to 14 {
      affine.for %arg4 = 0 to 14 {
        %12 = affine.load %alloc_8[%c0, %arg2, %arg3, %arg4] : memref<1x6x14x14xf32>
        %13 = arith.cmpf ugt, %12, %cst_6 : f32
        %14 = arith.select %13, %12, %cst_6 : f32
        affine.store %14, %alloc_9[%arg1, %arg2, %arg3, %arg4] : memref<1x6x14x14xf32>
      }
    }
  }
} {neura.fan_avg = 0.36363636360330576 : f64, neura.i_arith = 0.99999999949999996 : f64, neura.l_depth = 3 : i32, neura.op_count = 11 : i64, neura.placement_x = 0 : i32, neura.placement_y = 0 : i32, neura.r_affine = 0.99999999949999996 : f64, neura.r_vec = 0.000000e+00 : f64, neura.rec_mii = 1.000000e+00 : f64, neura.s_buffer = 75264 : i64, neura.streaming_succs = [4 : i32], neura.task_id = 2 : i32, neura.v_live_out = 32 : i64}
  affine.yield
  affine.for %arg4 = 0 to 5 {
  affine.store %cst_6, %alloc_10[%arg1, %arg2, %arg3, %arg4] : memref<1x16x5x5xf32>
}
  affine.yield
  affine.for %arg3 = 0 to 5 {
  affine.for %arg4 = 0 to 5 {
    affine.store %cst_6, %alloc_10[%arg1, %arg2, %arg3, %arg4] : memref<1x16x5x5xf32>
  }
}
  affine.yield
  affine.for %arg2 = 0 to 16 {
  affine.for %arg3 = 0 to 5 {
    affine.for %arg4 = 0 to 5 {
      affine.store %cst_6, %alloc_10[%arg1, %arg2, %arg3, %arg4] : memref<1x16x5x5xf32>
    }
  }
}
  affine.yield
  affine.for %arg1 = 0 to 1 {
  affine.for %arg2 = 0 to 16 {
    affine.for %arg3 = 0 to 5 {
      affine.for %arg4 = 0 to 5 {
        affine.store %cst_6, %alloc_10[%arg1, %arg2, %arg3, %arg4] : memref<1x16x5x5xf32>
      }
    }
  }
} {neura.fan_avg = 0.000000e+00 : f64, neura.i_arith = 0.000000e+00 : f64, neura.l_depth = 3 : i32, neura.op_count = 8 : i64, neura.placement_x = 3 : i32, neura.placement_y = 0 : i32, neura.r_affine = 0.99999999899999991 : f64, neura.r_vec = 0.000000e+00 : f64, neura.rec_mii = 1.000000e+00 : f64, neura.s_buffer = 12800 : i64, neura.task_id = 3 : i32, neura.v_live_out = 32 : i64}
  affine.yield
  affine.for %arg7 = 0 to 5 {
  %12 = affine.apply affine_map<(d0, d1) -> (d0 * 2 + d1)>(%arg3, %arg6)
  %13 = affine.apply affine_map<(d0, d1) -> (d0 * 2 + d1)>(%arg4, %arg7)
  %14 = affine.load %alloc_9[%arg1, %arg5, %12, %13] : memref<1x6x14x14xf32>
  %15 = affine.load %2[%arg2, %arg5, %arg6, %arg7] : memref<16x6x5x5xf32>
  %16 = affine.load %alloc_11[%arg1, %arg2, %arg3, %arg4] : memref<1x16x5x5xf32>
  %17 = arith.mulf %14, %15 : f32
  %18 = arith.addf %16, %17 : f32
  affine.store %18, %alloc_11[%arg1, %arg2, %arg3, %arg4] : memref<1x16x5x5xf32>
}
  affine.yield
  affine.for %arg6 = 0 to 5 {
  affine.for %arg7 = 0 to 5 {
    %12 = affine.apply affine_map<(d0, d1) -> (d0 * 2 + d1)>(%arg3, %arg6)
    %13 = affine.apply affine_map<(d0, d1) -> (d0 * 2 + d1)>(%arg4, %arg7)
    %14 = affine.load %alloc_9[%arg1, %arg5, %12, %13] : memref<1x6x14x14xf32>
    %15 = affine.load %2[%arg2, %arg5, %arg6, %arg7] : memref<16x6x5x5xf32>
    %16 = affine.load %alloc_11[%arg1, %arg2, %arg3, %arg4] : memref<1x16x5x5xf32>
    %17 = arith.mulf %14, %15 : f32
    %18 = arith.addf %16, %17 : f32
    affine.store %18, %alloc_11[%arg1, %arg2, %arg3, %arg4] : memref<1x16x5x5xf32>
  }
}
  affine.yield
  affine.for %arg5 = 0 to 6 {
  affine.for %arg6 = 0 to 5 {
    affine.for %arg7 = 0 to 5 {
      %12 = affine.apply affine_map<(d0, d1) -> (d0 * 2 + d1)>(%arg3, %arg6)
      %13 = affine.apply affine_map<(d0, d1) -> (d0 * 2 + d1)>(%arg4, %arg7)
      %14 = affine.load %alloc_9[%arg1, %arg5, %12, %13] : memref<1x6x14x14xf32>
      %15 = affine.load %2[%arg2, %arg5, %arg6, %arg7] : memref<16x6x5x5xf32>
      %16 = affine.load %alloc_11[%arg1, %arg2, %arg3, %arg4] : memref<1x16x5x5xf32>
      %17 = arith.mulf %14, %15 : f32
      %18 = arith.addf %16, %17 : f32
      affine.store %18, %alloc_11[%arg1, %arg2, %arg3, %arg4] : memref<1x16x5x5xf32>
    }
  }
}
  affine.yield
  affine.for %arg4 = 0 to 5 {
  affine.for %arg5 = 0 to 6 {
    affine.for %arg6 = 0 to 5 {
      affine.for %arg7 = 0 to 5 {
        %12 = affine.apply affine_map<(d0, d1) -> (d0 * 2 + d1)>(%arg3, %arg6)
        %13 = affine.apply affine_map<(d0, d1) -> (d0 * 2 + d1)>(%arg4, %arg7)
        %14 = affine.load %alloc_9[%arg1, %arg5, %12, %13] : memref<1x6x14x14xf32>
        %15 = affine.load %2[%arg2, %arg5, %arg6, %arg7] : memref<16x6x5x5xf32>
        %16 = affine.load %alloc_11[%arg1, %arg2, %arg3, %arg4] : memref<1x16x5x5xf32>
        %17 = arith.mulf %14, %15 : f32
        %18 = arith.addf %16, %17 : f32
        affine.store %18, %alloc_11[%arg1, %arg2, %arg3, %arg4] : memref<1x16x5x5xf32>
      }
    }
  }
}
  affine.yield
  affine.for %arg3 = 0 to 5 {
  affine.for %arg4 = 0 to 5 {
    affine.for %arg5 = 0 to 6 {
      affine.for %arg6 = 0 to 5 {
        affine.for %arg7 = 0 to 5 {
          %12 = affine.apply affine_map<(d0, d1) -> (d0 * 2 + d1)>(%arg3, %arg6)
          %13 = affine.apply affine_map<(d0, d1) -> (d0 * 2 + d1)>(%arg4, %arg7)
          %14 = affine.load %alloc_9[%arg1, %arg5, %12, %13] : memref<1x6x14x14xf32>
          %15 = affine.load %2[%arg2, %arg5, %arg6, %arg7] : memref<16x6x5x5xf32>
          %16 = affine.load %alloc_11[%arg1, %arg2, %arg3, %arg4] : memref<1x16x5x5xf32>
          %17 = arith.mulf %14, %15 : f32
          %18 = arith.addf %16, %17 : f32
          affine.store %18, %alloc_11[%arg1, %arg2, %arg3, %arg4] : memref<1x16x5x5xf32>
        }
      }
    }
  }
}
  affine.yield
  affine.for %arg2 = 0 to 16 {
  affine.for %arg3 = 0 to 5 {
    affine.for %arg4 = 0 to 5 {
      affine.for %arg5 = 0 to 6 {
        affine.for %arg6 = 0 to 5 {
          affine.for %arg7 = 0 to 5 {
            %12 = affine.apply affine_map<(d0, d1) -> (d0 * 2 + d1)>(%arg3, %arg6)
            %13 = affine.apply affine_map<(d0, d1) -> (d0 * 2 + d1)>(%arg4, %arg7)
            %14 = affine.load %alloc_9[%arg1, %arg5, %12, %13] : memref<1x6x14x14xf32>
            %15 = affine.load %2[%arg2, %arg5, %arg6, %arg7] : memref<16x6x5x5xf32>
            %16 = affine.load %alloc_11[%arg1, %arg2, %arg3, %arg4] : memref<1x16x5x5xf32>
            %17 = arith.mulf %14, %15 : f32
            %18 = arith.addf %16, %17 : f32
            affine.store %18, %alloc_11[%arg1, %arg2, %arg3, %arg4] : memref<1x16x5x5xf32>
          }
        }
      }
    }
  }
}
  affine.yield
  affine.for %arg1 = 0 to 1 {
  affine.for %arg2 = 0 to 16 {
    affine.for %arg3 = 0 to 5 {
      affine.for %arg4 = 0 to 5 {
        affine.for %arg5 = 0 to 6 {
          affine.for %arg6 = 0 to 5 {
            affine.for %arg7 = 0 to 5 {
              %12 = affine.apply affine_map<(d0, d1) -> (d0 * 2 + d1)>(%arg3, %arg6)
              %13 = affine.apply affine_map<(d0, d1) -> (d0 * 2 + d1)>(%arg4, %arg7)
              %14 = affine.load %alloc_9[%arg1, %arg5, %12, %13] : memref<1x6x14x14xf32>
              %15 = affine.load %2[%arg2, %arg5, %arg6, %arg7] : memref<16x6x5x5xf32>
              %16 = affine.load %alloc_11[%arg1, %arg2, %arg3, %arg4] : memref<1x16x5x5xf32>
              %17 = arith.mulf %14, %15 : f32
              %18 = arith.addf %16, %17 : f32
              affine.store %18, %alloc_11[%arg1, %arg2, %arg3, %arg4] : memref<1x16x5x5xf32>
            }
          }
        }
      }
    }
  }
} {neura.fan_avg = 0.33333333331746029 : f64, neura.i_arith = 0.49999999987499999 : f64, neura.l_depth = 6 : i32, neura.op_count = 21 : i64, neura.placement_x = 0 : i32, neura.placement_y = 0 : i32, neura.r_affine = 0.99999999974999997 : f64, neura.r_vec = 0.000000e+00 : f64, neura.rec_mii = 1.000000e+00 : f64, neura.s_buffer = 127232 : i64, neura.streaming_succs = [5 : i32], neura.task_id = 4 : i32, neura.v_live_out = 32 : i64}
  affine.yield
  affine.for %arg4 = 0 to 5 {
  %12 = affine.load %alloc_11[%c0, %arg2, %arg3, %arg4] : memref<1x16x5x5xf32>
  %13 = arith.cmpf ugt, %12, %cst_6 : f32
  %14 = arith.select %13, %12, %cst_6 : f32
  affine.store %14, %alloc_12[%arg1, %arg2, %arg3, %arg4] : memref<1x16x5x5xf32>
}
  affine.yield
  affine.for %arg3 = 0 to 5 {
  affine.for %arg4 = 0 to 5 {
    %12 = affine.load %alloc_11[%c0, %arg2, %arg3, %arg4] : memref<1x16x5x5xf32>
    %13 = arith.cmpf ugt, %12, %cst_6 : f32
    %14 = arith.select %13, %12, %cst_6 : f32
    affine.store %14, %alloc_12[%arg1, %arg2, %arg3, %arg4] : memref<1x16x5x5xf32>
  }
}
  affine.yield
  affine.for %arg2 = 0 to 16 {
  affine.for %arg3 = 0 to 5 {
    affine.for %arg4 = 0 to 5 {
      %12 = affine.load %alloc_11[%c0, %arg2, %arg3, %arg4] : memref<1x16x5x5xf32>
      %13 = arith.cmpf ugt, %12, %cst_6 : f32
      %14 = arith.select %13, %12, %cst_6 : f32
      affine.store %14, %alloc_12[%arg1, %arg2, %arg3, %arg4] : memref<1x16x5x5xf32>
    }
  }
}
  affine.yield
  affine.for %arg1 = 0 to 1 {
  affine.for %arg2 = 0 to 16 {
    affine.for %arg3 = 0 to 5 {
      affine.for %arg4 = 0 to 5 {
        %12 = affine.load %alloc_11[%c0, %arg2, %arg3, %arg4] : memref<1x16x5x5xf32>
        %13 = arith.cmpf ugt, %12, %cst_6 : f32
        %14 = arith.select %13, %12, %cst_6 : f32
        affine.store %14, %alloc_12[%arg1, %arg2, %arg3, %arg4] : memref<1x16x5x5xf32>
      }
    }
  }
} {neura.fan_avg = 0.36363636360330576 : f64, neura.i_arith = 0.99999999949999996 : f64, neura.l_depth = 3 : i32, neura.op_count = 11 : i64, neura.placement_x = 0 : i32, neura.placement_y = 0 : i32, neura.r_affine = 0.99999999949999996 : f64, neura.r_vec = 0.000000e+00 : f64, neura.rec_mii = 1.000000e+00 : f64, neura.s_buffer = 25600 : i64, neura.task_id = 5 : i32, neura.v_live_out = 32 : i64}
  affine.yield
  affine.for %arg2 = 0 to 400 {
  %12 = affine.load %3[%arg1, %arg2] : memref<120x400xf32>
  affine.store %12, %alloc_13[%arg2, %arg1] : memref<400x120xf32>
}
  affine.yield
  affine.for %arg1 = 0 to 120 {
  affine.for %arg2 = 0 to 400 {
    %12 = affine.load %3[%arg1, %arg2] : memref<120x400xf32>
    affine.store %12, %alloc_13[%arg2, %arg1] : memref<400x120xf32>
  }
} {neura.fan_avg = 0.19999999996000001 : f64, neura.i_arith = 0.000000e+00 : f64, neura.l_depth = 1 : i32, neura.op_count = 5 : i64, neura.placement_x = 1 : i32, neura.placement_y = 0 : i32, neura.r_affine = 0.99999999949999996 : f64, neura.r_vec = 0.000000e+00 : f64, neura.rec_mii = 1.000000e+00 : f64, neura.s_buffer = 3072000 : i64, neura.streaming_succs = [8 : i32], neura.task_id = 6 : i32, neura.v_live_out = 32 : i64}
  affine.yield
  affine.for %arg2 = 0 to 120 {
  affine.store %cst_6, %alloc_14[%arg1, %arg2] : memref<1x120xf32>
}
  affine.yield
  affine.for %arg1 = 0 to 1 {
  affine.for %arg2 = 0 to 120 {
    affine.store %cst_6, %alloc_14[%arg1, %arg2] : memref<1x120xf32>
  }
} {neura.fan_avg = 0.000000e+00 : f64, neura.i_arith = 0.000000e+00 : f64, neura.l_depth = 1 : i32, neura.op_count = 4 : i64, neura.placement_x = 0 : i32, neura.placement_y = 1 : i32, neura.r_affine = 0.99999999899999991 : f64, neura.r_vec = 0.000000e+00 : f64, neura.rec_mii = 1.000000e+00 : f64, neura.s_buffer = 3840 : i64, neura.task_id = 7 : i32, neura.v_live_out = 32 : i64}
  affine.yield
  affine.for %arg3 = 0 to 400 {
  %12 = affine.load %10[%arg1, %arg3] : memref<1x400xf32>
  %13 = affine.load %alloc_13[%arg3, %arg2] : memref<400x120xf32>
  %14 = affine.load %alloc_15[%arg1, %arg2] : memref<1x120xf32>
  %15 = arith.mulf %12, %13 : f32
  %16 = arith.addf %14, %15 : f32
  affine.store %16, %alloc_15[%arg1, %arg2] : memref<1x120xf32>
}
  affine.yield
  affine.for %arg2 = 0 to 120 {
  affine.for %arg3 = 0 to 400 {
    %12 = affine.load %10[%arg1, %arg3] : memref<1x400xf32>
    %13 = affine.load %alloc_13[%arg3, %arg2] : memref<400x120xf32>
    %14 = affine.load %alloc_15[%arg1, %arg2] : memref<1x120xf32>
    %15 = arith.mulf %12, %13 : f32
    %16 = arith.addf %14, %15 : f32
    affine.store %16, %alloc_15[%arg1, %arg2] : memref<1x120xf32>
  }
}
  affine.yield
  affine.for %arg1 = 0 to 1 {
  affine.for %arg2 = 0 to 120 {
    affine.for %arg3 = 0 to 400 {
      %12 = affine.load %10[%arg1, %arg3] : memref<1x400xf32>
      %13 = affine.load %alloc_13[%arg3, %arg2] : memref<400x120xf32>
      %14 = affine.load %alloc_15[%arg1, %arg2] : memref<1x120xf32>
      %15 = arith.mulf %12, %13 : f32
      %16 = arith.addf %14, %15 : f32
      affine.store %16, %alloc_15[%arg1, %arg2] : memref<1x120xf32>
    }
  }
} {neura.fan_avg = 0.45454545450413225 : f64, neura.i_arith = 0.49999999987499999 : f64, neura.l_depth = 2 : i32, neura.op_count = 11 : i64, neura.placement_x = 1 : i32, neura.placement_y = 0 : i32, neura.r_affine = 0.99999999974999997 : f64, neura.r_vec = 0.000000e+00 : f64, neura.rec_mii = 1.000000e+00 : f64, neura.s_buffer = 1552640 : i64, neura.streaming_succs = [9 : i32], neura.task_id = 8 : i32, neura.v_live_out = 32 : i64}
  affine.yield
  affine.for %arg2 = 0 to 120 {
  %12 = affine.load %alloc_15[%c0, %arg2] : memref<1x120xf32>
  %13 = affine.load %4[%arg2] : memref<120xf32>
  %14 = arith.addf %12, %13 : f32
  affine.store %14, %alloc_16[%arg1, %arg2] : memref<1x120xf32>
}
  affine.yield
  affine.for %arg1 = 0 to 1 {
  affine.for %arg2 = 0 to 120 {
    %12 = affine.load %alloc_15[%c0, %arg2] : memref<1x120xf32>
    %13 = affine.load %4[%arg2] : memref<120xf32>
    %14 = arith.addf %12, %13 : f32
    affine.store %14, %alloc_16[%arg1, %arg2] : memref<1x120xf32>
  }
} {neura.fan_avg = 0.42857142851020408 : f64, neura.i_arith = 0.33333333322222219 : f64, neura.l_depth = 1 : i32, neura.op_count = 7 : i64, neura.placement_x = 1 : i32, neura.placement_y = 0 : i32, neura.r_affine = 0.99999999966666663 : f64, neura.r_vec = 0.000000e+00 : f64, neura.rec_mii = 1.000000e+00 : f64, neura.s_buffer = 11520 : i64, neura.streaming_succs = [10 : i32], neura.task_id = 9 : i32, neura.v_live_out = 32 : i64}
  affine.yield
  affine.for %arg2 = 0 to 120 {
  %12 = affine.load %alloc_16[%c0, %arg2] : memref<1x120xf32>
  %13 = arith.cmpf ugt, %12, %cst_6 : f32
  %14 = arith.select %13, %12, %cst_6 : f32
  affine.store %14, %alloc_17[%arg1, %arg2] : memref<1x120xf32>
}
  affine.yield
  affine.for %arg1 = 0 to 1 {
  affine.for %arg2 = 0 to 120 {
    %12 = affine.load %alloc_16[%c0, %arg2] : memref<1x120xf32>
    %13 = arith.cmpf ugt, %12, %cst_6 : f32
    %14 = arith.select %13, %12, %cst_6 : f32
    affine.store %14, %alloc_17[%arg1, %arg2] : memref<1x120xf32>
  }
} {neura.fan_avg = 0.57142857134693881 : f64, neura.i_arith = 0.99999999949999996 : f64, neura.l_depth = 1 : i32, neura.op_count = 7 : i64, neura.placement_x = 1 : i32, neura.placement_y = 0 : i32, neura.r_affine = 0.99999999949999996 : f64, neura.r_vec = 0.000000e+00 : f64, neura.rec_mii = 1.000000e+00 : f64, neura.s_buffer = 7680 : i64, neura.streaming_succs = [13 : i32], neura.task_id = 10 : i32, neura.v_live_out = 32 : i64}
  affine.yield
  affine.for %arg2 = 0 to 120 {
  %12 = affine.load %5[%arg1, %arg2] : memref<84x120xf32>
  affine.store %12, %alloc_18[%arg2, %arg1] : memref<120x84xf32>
}
  affine.yield
  affine.for %arg1 = 0 to 84 {
  affine.for %arg2 = 0 to 120 {
    %12 = affine.load %5[%arg1, %arg2] : memref<84x120xf32>
    affine.store %12, %alloc_18[%arg2, %arg1] : memref<120x84xf32>
  }
} {neura.fan_avg = 0.19999999996000001 : f64, neura.i_arith = 0.000000e+00 : f64, neura.l_depth = 1 : i32, neura.op_count = 5 : i64, neura.placement_x = 1 : i32, neura.placement_y = 0 : i32, neura.r_affine = 0.99999999949999996 : f64, neura.r_vec = 0.000000e+00 : f64, neura.rec_mii = 1.000000e+00 : f64, neura.s_buffer = 645120 : i64, neura.streaming_succs = [13 : i32], neura.task_id = 11 : i32, neura.v_live_out = 32 : i64}
  affine.yield
  affine.for %arg2 = 0 to 84 {
  affine.store %cst_6, %alloc_19[%arg1, %arg2] : memref<1x84xf32>
}
  affine.yield
  affine.for %arg1 = 0 to 1 {
  affine.for %arg2 = 0 to 84 {
    affine.store %cst_6, %alloc_19[%arg1, %arg2] : memref<1x84xf32>
  }
} {neura.fan_avg = 0.000000e+00 : f64, neura.i_arith = 0.000000e+00 : f64, neura.l_depth = 1 : i32, neura.op_count = 4 : i64, neura.placement_x = 1 : i32, neura.placement_y = 1 : i32, neura.r_affine = 0.99999999899999991 : f64, neura.r_vec = 0.000000e+00 : f64, neura.rec_mii = 1.000000e+00 : f64, neura.s_buffer = 2688 : i64, neura.task_id = 12 : i32, neura.v_live_out = 32 : i64}
  affine.yield
  affine.for %arg3 = 0 to 120 {
  %12 = affine.load %alloc_17[%arg1, %arg3] : memref<1x120xf32>
  %13 = affine.load %alloc_18[%arg3, %arg2] : memref<120x84xf32>
  %14 = affine.load %alloc_20[%arg1, %arg2] : memref<1x84xf32>
  %15 = arith.mulf %12, %13 : f32
  %16 = arith.addf %14, %15 : f32
  affine.store %16, %alloc_20[%arg1, %arg2] : memref<1x84xf32>
}
  affine.yield
  affine.for %arg2 = 0 to 84 {
  affine.for %arg3 = 0 to 120 {
    %12 = affine.load %alloc_17[%arg1, %arg3] : memref<1x120xf32>
    %13 = affine.load %alloc_18[%arg3, %arg2] : memref<120x84xf32>
    %14 = affine.load %alloc_20[%arg1, %arg2] : memref<1x84xf32>
    %15 = arith.mulf %12, %13 : f32
    %16 = arith.addf %14, %15 : f32
    affine.store %16, %alloc_20[%arg1, %arg2] : memref<1x84xf32>
  }
}
  affine.yield
  affine.for %arg1 = 0 to 1 {
  affine.for %arg2 = 0 to 84 {
    affine.for %arg3 = 0 to 120 {
      %12 = affine.load %alloc_17[%arg1, %arg3] : memref<1x120xf32>
      %13 = affine.load %alloc_18[%arg3, %arg2] : memref<120x84xf32>
      %14 = affine.load %alloc_20[%arg1, %arg2] : memref<1x84xf32>
      %15 = arith.mulf %12, %13 : f32
      %16 = arith.addf %14, %15 : f32
      affine.store %16, %alloc_20[%arg1, %arg2] : memref<1x84xf32>
    }
  }
} {neura.fan_avg = 0.45454545450413225 : f64, neura.i_arith = 0.49999999987499999 : f64, neura.l_depth = 2 : i32, neura.op_count = 11 : i64, neura.placement_x = 1 : i32, neura.placement_y = 0 : i32, neura.r_affine = 0.99999999974999997 : f64, neura.r_vec = 0.000000e+00 : f64, neura.rec_mii = 1.000000e+00 : f64, neura.s_buffer = 329088 : i64, neura.streaming_succs = [14 : i32], neura.task_id = 13 : i32, neura.v_live_out = 32 : i64}
  affine.yield
  affine.for %arg2 = 0 to 84 {
  %12 = affine.load %alloc_20[%c0, %arg2] : memref<1x84xf32>
  %13 = affine.load %6[%arg2] : memref<84xf32>
  %14 = arith.addf %12, %13 : f32
  affine.store %14, %alloc_21[%arg1, %arg2] : memref<1x84xf32>
}
  affine.yield
  affine.for %arg1 = 0 to 1 {
  affine.for %arg2 = 0 to 84 {
    %12 = affine.load %alloc_20[%c0, %arg2] : memref<1x84xf32>
    %13 = affine.load %6[%arg2] : memref<84xf32>
    %14 = arith.addf %12, %13 : f32
    affine.store %14, %alloc_21[%arg1, %arg2] : memref<1x84xf32>
  }
} {neura.fan_avg = 0.42857142851020408 : f64, neura.i_arith = 0.33333333322222219 : f64, neura.l_depth = 1 : i32, neura.op_count = 7 : i64, neura.placement_x = 1 : i32, neura.placement_y = 0 : i32, neura.r_affine = 0.99999999966666663 : f64, neura.r_vec = 0.000000e+00 : f64, neura.rec_mii = 1.000000e+00 : f64, neura.s_buffer = 8064 : i64, neura.streaming_succs = [15 : i32], neura.task_id = 14 : i32, neura.v_live_out = 32 : i64}
  affine.yield
  affine.for %arg2 = 0 to 84 {
  %12 = affine.load %alloc_21[%c0, %arg2] : memref<1x84xf32>
  %13 = arith.cmpf ugt, %12, %cst_6 : f32
  %14 = arith.select %13, %12, %cst_6 : f32
  affine.store %14, %alloc_22[%arg1, %arg2] : memref<1x84xf32>
}
  affine.yield
  affine.for %arg1 = 0 to 1 {
  affine.for %arg2 = 0 to 84 {
    %12 = affine.load %alloc_21[%c0, %arg2] : memref<1x84xf32>
    %13 = arith.cmpf ugt, %12, %cst_6 : f32
    %14 = arith.select %13, %12, %cst_6 : f32
    affine.store %14, %alloc_22[%arg1, %arg2] : memref<1x84xf32>
  }
} {neura.fan_avg = 0.57142857134693881 : f64, neura.i_arith = 0.99999999949999996 : f64, neura.l_depth = 1 : i32, neura.op_count = 7 : i64, neura.placement_x = 1 : i32, neura.placement_y = 0 : i32, neura.r_affine = 0.99999999949999996 : f64, neura.r_vec = 0.000000e+00 : f64, neura.rec_mii = 1.000000e+00 : f64, neura.s_buffer = 5376 : i64, neura.streaming_succs = [18 : i32], neura.task_id = 15 : i32, neura.v_live_out = 32 : i64}
  affine.yield
  affine.for %arg2 = 0 to 84 {
  %12 = affine.load %7[%arg1, %arg2] : memref<10x84xf32>
  affine.store %12, %alloc_23[%arg2, %arg1] : memref<84x10xf32>
}
  affine.yield
  affine.for %arg1 = 0 to 10 {
  affine.for %arg2 = 0 to 84 {
    %12 = affine.load %7[%arg1, %arg2] : memref<10x84xf32>
    affine.store %12, %alloc_23[%arg2, %arg1] : memref<84x10xf32>
  }
} {neura.fan_avg = 0.19999999996000001 : f64, neura.i_arith = 0.000000e+00 : f64, neura.l_depth = 1 : i32, neura.op_count = 5 : i64, neura.placement_x = 0 : i32, neura.placement_y = 0 : i32, neura.r_affine = 0.99999999949999996 : f64, neura.r_vec = 0.000000e+00 : f64, neura.rec_mii = 1.000000e+00 : f64, neura.s_buffer = 53760 : i64, neura.streaming_succs = [18 : i32], neura.task_id = 16 : i32, neura.v_live_out = 32 : i64}
  affine.yield
  affine.for %arg2 = 0 to 10 {
  affine.store %cst_6, %alloc_24[%arg1, %arg2] : memref<1x10xf32>
}
  affine.yield
  affine.for %arg1 = 0 to 1 {
  affine.for %arg2 = 0 to 10 {
    affine.store %cst_6, %alloc_24[%arg1, %arg2] : memref<1x10xf32>
  }
} {neura.fan_avg = 0.000000e+00 : f64, neura.i_arith = 0.000000e+00 : f64, neura.l_depth = 1 : i32, neura.op_count = 4 : i64, neura.placement_x = 2 : i32, neura.placement_y = 1 : i32, neura.r_affine = 0.99999999899999991 : f64, neura.r_vec = 0.000000e+00 : f64, neura.rec_mii = 1.000000e+00 : f64, neura.s_buffer = 320 : i64, neura.task_id = 17 : i32, neura.v_live_out = 32 : i64}
  affine.yield
  affine.for %arg3 = 0 to 84 {
  %12 = affine.load %alloc_22[%arg1, %arg3] : memref<1x84xf32>
  %13 = affine.load %alloc_23[%arg3, %arg2] : memref<84x10xf32>
  %14 = affine.load %alloc_25[%arg1, %arg2] : memref<1x10xf32>
  %15 = arith.mulf %12, %13 : f32
  %16 = arith.addf %14, %15 : f32
  affine.store %16, %alloc_25[%arg1, %arg2] : memref<1x10xf32>
}
  affine.yield
  affine.for %arg2 = 0 to 10 {
  affine.for %arg3 = 0 to 84 {
    %12 = affine.load %alloc_22[%arg1, %arg3] : memref<1x84xf32>
    %13 = affine.load %alloc_23[%arg3, %arg2] : memref<84x10xf32>
    %14 = affine.load %alloc_25[%arg1, %arg2] : memref<1x10xf32>
    %15 = arith.mulf %12, %13 : f32
    %16 = arith.addf %14, %15 : f32
    affine.store %16, %alloc_25[%arg1, %arg2] : memref<1x10xf32>
  }
}
  affine.yield
  affine.for %arg1 = 0 to 1 {
  affine.for %arg2 = 0 to 10 {
    affine.for %arg3 = 0 to 84 {
      %12 = affine.load %alloc_22[%arg1, %arg3] : memref<1x84xf32>
      %13 = affine.load %alloc_23[%arg3, %arg2] : memref<84x10xf32>
      %14 = affine.load %alloc_25[%arg1, %arg2] : memref<1x10xf32>
      %15 = arith.mulf %12, %13 : f32
      %16 = arith.addf %14, %15 : f32
      affine.store %16, %alloc_25[%arg1, %arg2] : memref<1x10xf32>
    }
  }
} {neura.fan_avg = 0.45454545450413225 : f64, neura.i_arith = 0.49999999987499999 : f64, neura.l_depth = 2 : i32, neura.op_count = 11 : i64, neura.placement_x = 0 : i32, neura.placement_y = 0 : i32, neura.r_affine = 0.99999999974999997 : f64, neura.r_vec = 0.000000e+00 : f64, neura.rec_mii = 1.000000e+00 : f64, neura.s_buffer = 29888 : i64, neura.streaming_succs = [19 : i32], neura.task_id = 18 : i32, neura.v_live_out = 32 : i64}
  affine.yield
  affine.for %arg2 = 0 to 10 {
  %12 = affine.load %alloc_25[%c0, %arg2] : memref<1x10xf32>
  %13 = affine.load %8[%arg2] : memref<10xf32>
  %14 = arith.addf %12, %13 : f32
  affine.store %14, %alloc_26[%arg1, %arg2] : memref<1x10xf32>
}
  affine.yield
  affine.for %arg1 = 0 to 1 {
  affine.for %arg2 = 0 to 10 {
    %12 = affine.load %alloc_25[%c0, %arg2] : memref<1x10xf32>
    %13 = affine.load %8[%arg2] : memref<10xf32>
    %14 = arith.addf %12, %13 : f32
    affine.store %14, %alloc_26[%arg1, %arg2] : memref<1x10xf32>
  }
} {neura.fan_avg = 0.42857142851020408 : f64, neura.i_arith = 0.33333333322222219 : f64, neura.l_depth = 1 : i32, neura.op_count = 7 : i64, neura.placement_x = 0 : i32, neura.placement_y = 0 : i32, neura.r_affine = 0.99999999966666663 : f64, neura.r_vec = 0.000000e+00 : f64, neura.rec_mii = 1.000000e+00 : f64, neura.s_buffer = 960 : i64, neura.task_id = 19 : i32, neura.v_live_out = 32 : i64}
  affine.store %cst_6, %alloc[%arg1, %arg2, %arg3, %arg4] : memref<1x6x14x14xf32>
  memref.copy %alloc, %alloc_8 : memref<1x6x14x14xf32> to memref<1x6x14x14xf32>
  affine.store %cst_6, %alloc_10[%arg1, %arg2, %arg3, %arg4] : memref<1x16x5x5xf32>
  memref.copy %alloc_10, %alloc_11 : memref<1x16x5x5xf32> to memref<1x16x5x5xf32>
  affine.store %cst_6, %alloc_14[%arg1, %arg2] : memref<1x120xf32>
  memref.copy %alloc_14, %alloc_15 : memref<1x120xf32> to memref<1x120xf32>
  affine.store %cst_6, %alloc_19[%arg1, %arg2] : memref<1x84xf32>
  memref.copy %alloc_19, %alloc_20 : memref<1x84xf32> to memref<1x84xf32>
  affine.store %cst_6, %alloc_24[%arg1, %arg2] : memref<1x10xf32>
  memref.copy %alloc_24, %alloc_25 : memref<1x10xf32> to memref<1x10xf32>
  func.return %11 : tensor<1x10xf32>
  affine.store %12, %alloc_23[%arg2, %arg1] : memref<84x10xf32>
  affine.store %12, %alloc_18[%arg2, %arg1] : memref<120x84xf32>
  affine.store %12, %alloc_13[%arg2, %arg1] : memref<400x120xf32>
  affine.store %14, %alloc_26[%arg1, %arg2] : memref<1x10xf32>
  affine.store %14, %alloc_21[%arg1, %arg2] : memref<1x84xf32>
  affine.store %14, %alloc_16[%arg1, %arg2] : memref<1x120xf32>
  affine.store %14, %alloc_9[%arg1, %arg2, %arg3, %arg4] : memref<1x6x14x14xf32>
  affine.store %14, %alloc_12[%arg1, %arg2, %arg3, %arg4] : memref<1x16x5x5xf32>
  affine.store %14, %alloc_17[%arg1, %arg2] : memref<1x120xf32>
  affine.store %16, %alloc_20[%arg1, %arg2] : memref<1x84xf32>
  affine.store %14, %alloc_22[%arg1, %arg2] : memref<1x84xf32>
  affine.store %16, %alloc_25[%arg1, %arg2] : memref<1x10xf32>
  affine.store %18, %alloc_11[%arg1, %arg2, %arg3, %arg4] : memref<1x16x5x5xf32>
  affine.store %18, %alloc_8[%arg1, %arg2, %arg3, %arg4] : memref<1x6x14x14xf32>
  affine.store %16, %alloc_15[%arg1, %arg2] : memref<1x120xf32>
[MapToAcceleratorPass] ALAP sorted op: %alloc_12 = memref.alloc() {alignment = 64 : i64} : memref<1x16x5x5xf32> (ALAP level: 0)
[MapToAcceleratorPass] ALAP sorted op: %9 = bufferization.to_tensor %alloc_12 : memref<1x16x5x5xf32> to tensor<1x16x5x5xf32> (ALAP level: 1)
[MapToAcceleratorPass] ALAP sorted op: %cst_5 = arith.constant dense_resource<torch_tensor_16_6_5_5_torch.float32> : tensor<16x6x5x5xf32> (ALAP level: 2)
[MapToAcceleratorPass] ALAP sorted op: %cst_7 = arith.constant dense_resource<torch_tensor_6_3_5_5_torch.float32> : tensor<6x3x5x5xf32> (ALAP level: 2)
[MapToAcceleratorPass] ALAP sorted op: %collapsed = tensor.collapse_shape %9 [[0], [1, 2, 3]] : tensor<1x16x5x5xf32> into tensor<1x400xf32> (ALAP level: 2)
[MapToAcceleratorPass] ALAP sorted op: %c0 = arith.constant 0 : index (ALAP level: 3)
[MapToAcceleratorPass] ALAP sorted op: %cst = arith.constant dense_resource<torch_tensor_10_torch.float32> : tensor<10xf32> (ALAP level: 3)
[MapToAcceleratorPass] ALAP sorted op: %cst_1 = arith.constant dense_resource<torch_tensor_84_torch.float32> : tensor<84xf32> (ALAP level: 3)
[MapToAcceleratorPass] ALAP sorted op: %cst_3 = arith.constant dense_resource<torch_tensor_120_torch.float32> : tensor<120xf32> (ALAP level: 3)
[MapToAcceleratorPass] ALAP sorted op: %0 = bufferization.to_memref %arg0 : tensor<1x3x32x32xf32> to memref<1x3x32x32xf32> (ALAP level: 3)
[MapToAcceleratorPass] ALAP sorted op: %alloc_8 = memref.alloc() {alignment = 64 : i64} : memref<1x6x14x14xf32> (ALAP level: 3)
[MapToAcceleratorPass] ALAP sorted op: %12 = affine.apply affine_map<(d0, d1) -> (d0 * 2 + d1)>(%arg3, %arg6) (ALAP level: 3)
[MapToAcceleratorPass] ALAP sorted op: %13 = affine.apply affine_map<(d0, d1) -> (d0 * 2 + d1)>(%arg4, %arg7) (ALAP level: 3)
[MapToAcceleratorPass] ALAP sorted op: %alloc_9 = memref.alloc() {alignment = 64 : i64} : memref<1x6x14x14xf32> (ALAP level: 3)
[MapToAcceleratorPass] ALAP sorted op: %alloc_11 = memref.alloc() {alignment = 64 : i64} : memref<1x16x5x5xf32> (ALAP level: 3)
[MapToAcceleratorPass] ALAP sorted op: %12 = affine.apply affine_map<(d0, d1) -> (d0 * 2 + d1)>(%arg3, %arg6) (ALAP level: 3)
[MapToAcceleratorPass] ALAP sorted op: %13 = affine.apply affine_map<(d0, d1) -> (d0 * 2 + d1)>(%arg4, %arg7) (ALAP level: 3)
[MapToAcceleratorPass] ALAP sorted op: %alloc_13 = memref.alloc() {alignment = 64 : i64} : memref<400x120xf32> (ALAP level: 3)
[MapToAcceleratorPass] ALAP sorted op: %alloc_16 = memref.alloc() {alignment = 64 : i64} : memref<1x120xf32> (ALAP level: 3)
[MapToAcceleratorPass] ALAP sorted op: %alloc_17 = memref.alloc() {alignment = 64 : i64} : memref<1x120xf32> (ALAP level: 3)
[MapToAcceleratorPass] ALAP sorted op: %alloc_18 = memref.alloc() {alignment = 64 : i64} : memref<120x84xf32> (ALAP level: 3)
[MapToAcceleratorPass] ALAP sorted op: %alloc_21 = memref.alloc() {alignment = 64 : i64} : memref<1x84xf32> (ALAP level: 3)
[MapToAcceleratorPass] ALAP sorted op: %alloc_22 = memref.alloc() {alignment = 64 : i64} : memref<1x84xf32> (ALAP level: 3)
[MapToAcceleratorPass] ALAP sorted op: %alloc_23 = memref.alloc() {alignment = 64 : i64} : memref<84x10xf32> (ALAP level: 3)
[MapToAcceleratorPass] ALAP sorted op: %2 = bufferization.to_memref %cst_5 : tensor<16x6x5x5xf32> to memref<16x6x5x5xf32> (ALAP level: 3)
[MapToAcceleratorPass] ALAP sorted op: %1 = bufferization.to_memref %cst_7 : tensor<6x3x5x5xf32> to memref<6x3x5x5xf32> (ALAP level: 3)
[MapToAcceleratorPass] ALAP sorted op: %10 = bufferization.to_memref %collapsed : tensor<1x400xf32> to memref<1x400xf32> (ALAP level: 3)
[MapToAcceleratorPass] ALAP sorted op: %cst_0 = arith.constant dense_resource<torch_tensor_10_84_torch.float32> : tensor<10x84xf32> (ALAP level: 4)
[MapToAcceleratorPass] ALAP sorted op: %cst_2 = arith.constant dense_resource<torch_tensor_84_120_torch.float32> : tensor<84x120xf32> (ALAP level: 4)
[MapToAcceleratorPass] ALAP sorted op: %cst_4 = arith.constant dense_resource<torch_tensor_120_400_torch.float32> : tensor<120x400xf32> (ALAP level: 4)
[MapToAcceleratorPass] ALAP sorted op: %cst_6 = arith.constant 0.000000e+00 : f32 (ALAP level: 4)
[MapToAcceleratorPass] ALAP sorted op: %alloc_15 = memref.alloc() {alignment = 64 : i64} : memref<1x120xf32> (ALAP level: 4)
[MapToAcceleratorPass] ALAP sorted op: %alloc_20 = memref.alloc() {alignment = 64 : i64} : memref<1x84xf32> (ALAP level: 4)
[MapToAcceleratorPass] ALAP sorted op: %alloc_25 = memref.alloc() {alignment = 64 : i64} : memref<1x10xf32> (ALAP level: 4)
[MapToAcceleratorPass] ALAP sorted op: %8 = bufferization.to_memref %cst : tensor<10xf32> to memref<10xf32> (ALAP level: 4)
[MapToAcceleratorPass] ALAP sorted op: %6 = bufferization.to_memref %cst_1 : tensor<84xf32> to memref<84xf32> (ALAP level: 4)
[MapToAcceleratorPass] ALAP sorted op: %4 = bufferization.to_memref %cst_3 : tensor<120xf32> to memref<120xf32> (ALAP level: 4)
[MapToAcceleratorPass] ALAP sorted op: %12 = affine.load %alloc_8[%c0, %arg2, %arg3, %arg4] : memref<1x6x14x14xf32> (ALAP level: 4)
[MapToAcceleratorPass] ALAP sorted op: %14 = affine.load %0[%arg1, %arg5, %12, %13] : memref<1x3x32x32xf32> (ALAP level: 4)
[MapToAcceleratorPass] ALAP sorted op: %12 = affine.load %alloc_11[%c0, %arg2, %arg3, %arg4] : memref<1x16x5x5xf32> (ALAP level: 4)
[MapToAcceleratorPass] ALAP sorted op: %14 = affine.load %alloc_9[%arg1, %arg5, %12, %13] : memref<1x6x14x14xf32> (ALAP level: 4)
[MapToAcceleratorPass] ALAP sorted op: %13 = affine.load %alloc_13[%arg3, %arg2] : memref<400x120xf32> (ALAP level: 4)
[MapToAcceleratorPass] ALAP sorted op: %12 = affine.load %alloc_16[%c0, %arg2] : memref<1x120xf32> (ALAP level: 4)
[MapToAcceleratorPass] ALAP sorted op: %12 = affine.load %alloc_17[%arg1, %arg3] : memref<1x120xf32> (ALAP level: 4)
[MapToAcceleratorPass] ALAP sorted op: %13 = affine.load %alloc_18[%arg3, %arg2] : memref<120x84xf32> (ALAP level: 4)
[MapToAcceleratorPass] ALAP sorted op: %12 = affine.load %alloc_21[%c0, %arg2] : memref<1x84xf32> (ALAP level: 4)
[MapToAcceleratorPass] ALAP sorted op: %12 = affine.load %alloc_22[%arg1, %arg3] : memref<1x84xf32> (ALAP level: 4)
[MapToAcceleratorPass] ALAP sorted op: %13 = affine.load %alloc_23[%arg3, %arg2] : memref<84x10xf32> (ALAP level: 4)
[MapToAcceleratorPass] ALAP sorted op: %15 = affine.load %2[%arg2, %arg5, %arg6, %arg7] : memref<16x6x5x5xf32> (ALAP level: 4)
[MapToAcceleratorPass] ALAP sorted op: %15 = affine.load %1[%arg2, %arg5, %arg6, %arg7] : memref<6x3x5x5xf32> (ALAP level: 4)
[MapToAcceleratorPass] ALAP sorted op: %12 = affine.load %10[%arg1, %arg3] : memref<1x400xf32> (ALAP level: 4)
[MapToAcceleratorPass] ALAP sorted op: %alloc_26 = memref.alloc() {alignment = 64 : i64} : memref<1x10xf32> (ALAP level: 5)
[MapToAcceleratorPass] ALAP sorted op: %7 = bufferization.to_memref %cst_0 : tensor<10x84xf32> to memref<10x84xf32> (ALAP level: 5)
[MapToAcceleratorPass] ALAP sorted op: %5 = bufferization.to_memref %cst_2 : tensor<84x120xf32> to memref<84x120xf32> (ALAP level: 5)
[MapToAcceleratorPass] ALAP sorted op: %3 = bufferization.to_memref %cst_4 : tensor<120x400xf32> to memref<120x400xf32> (ALAP level: 5)
[MapToAcceleratorPass] ALAP sorted op: %16 = affine.load %alloc_8[%arg1, %arg2, %arg3, %arg4] : memref<1x6x14x14xf32> (ALAP level: 5)
[MapToAcceleratorPass] ALAP sorted op: %16 = affine.load %alloc_11[%arg1, %arg2, %arg3, %arg4] : memref<1x16x5x5xf32> (ALAP level: 5)
[MapToAcceleratorPass] ALAP sorted op: %12 = affine.load %alloc_15[%c0, %arg2] : memref<1x120xf32> (ALAP level: 5)
[MapToAcceleratorPass] ALAP sorted op: %14 = affine.load %alloc_15[%arg1, %arg2] : memref<1x120xf32> (ALAP level: 5)
[MapToAcceleratorPass] ALAP sorted op: %12 = affine.load %alloc_20[%c0, %arg2] : memref<1x84xf32> (ALAP level: 5)
[MapToAcceleratorPass] ALAP sorted op: %14 = affine.load %alloc_20[%arg1, %arg2] : memref<1x84xf32> (ALAP level: 5)
[MapToAcceleratorPass] ALAP sorted op: %12 = affine.load %alloc_25[%c0, %arg2] : memref<1x10xf32> (ALAP level: 5)
[MapToAcceleratorPass] ALAP sorted op: %14 = affine.load %alloc_25[%arg1, %arg2] : memref<1x10xf32> (ALAP level: 5)
[MapToAcceleratorPass] ALAP sorted op: %13 = affine.load %8[%arg2] : memref<10xf32> (ALAP level: 5)
[MapToAcceleratorPass] ALAP sorted op: %13 = affine.load %6[%arg2] : memref<84xf32> (ALAP level: 5)
[MapToAcceleratorPass] ALAP sorted op: %13 = affine.load %4[%arg2] : memref<120xf32> (ALAP level: 5)
[MapToAcceleratorPass] ALAP sorted op: %13 = arith.cmpf ugt, %12, %cst_6 : f32 (ALAP level: 5)
[MapToAcceleratorPass] ALAP sorted op: %13 = arith.cmpf ugt, %12, %cst_6 : f32 (ALAP level: 5)
[MapToAcceleratorPass] ALAP sorted op: %13 = arith.cmpf ugt, %12, %cst_6 : f32 (ALAP level: 5)
[MapToAcceleratorPass] ALAP sorted op: %15 = arith.mulf %12, %13 : f32 (ALAP level: 5)
[MapToAcceleratorPass] ALAP sorted op: %13 = arith.cmpf ugt, %12, %cst_6 : f32 (ALAP level: 5)
[MapToAcceleratorPass] ALAP sorted op: %15 = arith.mulf %12, %13 : f32 (ALAP level: 5)
[MapToAcceleratorPass] ALAP sorted op: %17 = arith.mulf %14, %15 : f32 (ALAP level: 5)
[MapToAcceleratorPass] ALAP sorted op: %17 = arith.mulf %14, %15 : f32 (ALAP level: 5)
[MapToAcceleratorPass] ALAP sorted op: %15 = arith.mulf %12, %13 : f32 (ALAP level: 5)
[MapToAcceleratorPass] ALAP sorted op: %alloc = memref.alloc() {alignment = 64 : i64} : memref<1x6x14x14xf32> (ALAP level: 6)
[MapToAcceleratorPass] ALAP sorted op: %alloc_10 = memref.alloc() {alignment = 64 : i64} : memref<1x16x5x5xf32> (ALAP level: 6)
[MapToAcceleratorPass] ALAP sorted op: %alloc_14 = memref.alloc() {alignment = 64 : i64} : memref<1x120xf32> (ALAP level: 6)
[MapToAcceleratorPass] ALAP sorted op: %alloc_19 = memref.alloc() {alignment = 64 : i64} : memref<1x84xf32> (ALAP level: 6)
[MapToAcceleratorPass] ALAP sorted op: %alloc_24 = memref.alloc() {alignment = 64 : i64} : memref<1x10xf32> (ALAP level: 6)
[MapToAcceleratorPass] ALAP sorted op: %11 = bufferization.to_tensor %alloc_26 : memref<1x10xf32> to tensor<1x10xf32> (ALAP level: 6)
[MapToAcceleratorPass] ALAP sorted op: %12 = affine.load %7[%arg1, %arg2] : memref<10x84xf32> (ALAP level: 6)
[MapToAcceleratorPass] ALAP sorted op: %12 = affine.load %5[%arg1, %arg2] : memref<84x120xf32> (ALAP level: 6)
[MapToAcceleratorPass] ALAP sorted op: %12 = affine.load %3[%arg1, %arg2] : memref<120x400xf32> (ALAP level: 6)
[MapToAcceleratorPass] ALAP sorted op: %14 = arith.addf %12, %13 : f32 (ALAP level: 6)
[MapToAcceleratorPass] ALAP sorted op: %14 = arith.addf %12, %13 : f32 (ALAP level: 6)
[MapToAcceleratorPass] ALAP sorted op: %14 = arith.addf %12, %13 : f32 (ALAP level: 6)
[MapToAcceleratorPass] ALAP sorted op: %14 = arith.select %13, %12, %cst_6 : f32 (ALAP level: 6)
[MapToAcceleratorPass] ALAP sorted op: %14 = arith.select %13, %12, %cst_6 : f32 (ALAP level: 6)
[MapToAcceleratorPass] ALAP sorted op: %14 = arith.select %13, %12, %cst_6 : f32 (ALAP level: 6)
[MapToAcceleratorPass] ALAP sorted op: %16 = arith.addf %14, %15 : f32 (ALAP level: 6)
[MapToAcceleratorPass] ALAP sorted op: %14 = arith.select %13, %12, %cst_6 : f32 (ALAP level: 6)
[MapToAcceleratorPass] ALAP sorted op: %16 = arith.addf %14, %15 : f32 (ALAP level: 6)
[MapToAcceleratorPass] ALAP sorted op: %18 = arith.addf %16, %17 : f32 (ALAP level: 6)
[MapToAcceleratorPass] ALAP sorted op: %18 = arith.addf %16, %17 : f32 (ALAP level: 6)
[MapToAcceleratorPass] ALAP sorted op: %16 = arith.addf %14, %15 : f32 (ALAP level: 6)
[MapToAcceleratorPass] ALAP sorted op: affine.yield (ALAP level: 7)
[MapToAcceleratorPass] ALAP sorted op: affine.for %arg4 = 0 to 14 {
  affine.store %cst_6, %alloc[%arg1, %arg2, %arg3, %arg4] : memref<1x6x14x14xf32>
} (ALAP level: 7)
[MapToAcceleratorPass] ALAP sorted op: affine.yield (ALAP level: 7)
[MapToAcceleratorPass] ALAP sorted op: affine.for %arg3 = 0 to 14 {
  affine.for %arg4 = 0 to 14 {
    affine.store %cst_6, %alloc[%arg1, %arg2, %arg3, %arg4] : memref<1x6x14x14xf32>
  }
} (ALAP level: 7)
[MapToAcceleratorPass] ALAP sorted op: affine.yield (ALAP level: 7)
[MapToAcceleratorPass] ALAP sorted op: affine.for %arg2 = 0 to 6 {
  affine.for %arg3 = 0 to 14 {
    affine.for %arg4 = 0 to 14 {
      affine.store %cst_6, %alloc[%arg1, %arg2, %arg3, %arg4] : memref<1x6x14x14xf32>
    }
  }
} (ALAP level: 7)
[MapToAcceleratorPass] ALAP sorted op: affine.yield (ALAP level: 7)
[MapToAcceleratorPass] ALAP sorted op: affine.for %arg1 = 0 to 1 {
  affine.for %arg2 = 0 to 6 {
    affine.for %arg3 = 0 to 14 {
      affine.for %arg4 = 0 to 14 {
        affine.store %cst_6, %alloc[%arg1, %arg2, %arg3, %arg4] : memref<1x6x14x14xf32>
      }
    }
  }
} {neura.fan_avg = 0.000000e+00 : f64, neura.i_arith = 0.000000e+00 : f64, neura.l_depth = 3 : i32, neura.op_count = 8 : i64, neura.placement_x = 2 : i32, neura.placement_y = 0 : i32, neura.r_affine = 0.99999999899999991 : f64, neura.r_vec = 0.000000e+00 : f64, neura.rec_mii = 1.000000e+00 : f64, neura.s_buffer = 37632 : i64, neura.task_id = 0 : i32, neura.v_live_out = 32 : i64} (ALAP level: 7)
[MapToAcceleratorPass] ALAP sorted op: affine.yield (ALAP level: 7)
[MapToAcceleratorPass] ALAP sorted op: affine.for %arg7 = 0 to 5 {
  %12 = affine.apply affine_map<(d0, d1) -> (d0 * 2 + d1)>(%arg3, %arg6)
  %13 = affine.apply affine_map<(d0, d1) -> (d0 * 2 + d1)>(%arg4, %arg7)
  %14 = affine.load %0[%arg1, %arg5, %12, %13] : memref<1x3x32x32xf32>
  %15 = affine.load %1[%arg2, %arg5, %arg6, %arg7] : memref<6x3x5x5xf32>
  %16 = affine.load %alloc_8[%arg1, %arg2, %arg3, %arg4] : memref<1x6x14x14xf32>
  %17 = arith.mulf %14, %15 : f32
  %18 = arith.addf %16, %17 : f32
  affine.store %18, %alloc_8[%arg1, %arg2, %arg3, %arg4] : memref<1x6x14x14xf32>
} (ALAP level: 7)
[MapToAcceleratorPass] ALAP sorted op: affine.yield (ALAP level: 7)
[MapToAcceleratorPass] ALAP sorted op: affine.for %arg6 = 0 to 5 {
  affine.for %arg7 = 0 to 5 {
    %12 = affine.apply affine_map<(d0, d1) -> (d0 * 2 + d1)>(%arg3, %arg6)
    %13 = affine.apply affine_map<(d0, d1) -> (d0 * 2 + d1)>(%arg4, %arg7)
    %14 = affine.load %0[%arg1, %arg5, %12, %13] : memref<1x3x32x32xf32>
    %15 = affine.load %1[%arg2, %arg5, %arg6, %arg7] : memref<6x3x5x5xf32>
    %16 = affine.load %alloc_8[%arg1, %arg2, %arg3, %arg4] : memref<1x6x14x14xf32>
    %17 = arith.mulf %14, %15 : f32
    %18 = arith.addf %16, %17 : f32
    affine.store %18, %alloc_8[%arg1, %arg2, %arg3, %arg4] : memref<1x6x14x14xf32>
  }
} (ALAP level: 7)
[MapToAcceleratorPass] ALAP sorted op: affine.yield (ALAP level: 7)
[MapToAcceleratorPass] ALAP sorted op: affine.for %arg5 = 0 to 3 {
  affine.for %arg6 = 0 to 5 {
    affine.for %arg7 = 0 to 5 {
      %12 = affine.apply affine_map<(d0, d1) -> (d0 * 2 + d1)>(%arg3, %arg6)
      %13 = affine.apply affine_map<(d0, d1) -> (d0 * 2 + d1)>(%arg4, %arg7)
      %14 = affine.load %0[%arg1, %arg5, %12, %13] : memref<1x3x32x32xf32>
      %15 = affine.load %1[%arg2, %arg5, %arg6, %arg7] : memref<6x3x5x5xf32>
      %16 = affine.load %alloc_8[%arg1, %arg2, %arg3, %arg4] : memref<1x6x14x14xf32>
      %17 = arith.mulf %14, %15 : f32
      %18 = arith.addf %16, %17 : f32
      affine.store %18, %alloc_8[%arg1, %arg2, %arg3, %arg4] : memref<1x6x14x14xf32>
    }
  }
} (ALAP level: 7)
[MapToAcceleratorPass] ALAP sorted op: affine.yield (ALAP level: 7)
[MapToAcceleratorPass] ALAP sorted op: affine.for %arg4 = 0 to 14 {
  affine.for %arg5 = 0 to 3 {
    affine.for %arg6 = 0 to 5 {
      affine.for %arg7 = 0 to 5 {
        %12 = affine.apply affine_map<(d0, d1) -> (d0 * 2 + d1)>(%arg3, %arg6)
        %13 = affine.apply affine_map<(d0, d1) -> (d0 * 2 + d1)>(%arg4, %arg7)
        %14 = affine.load %0[%arg1, %arg5, %12, %13] : memref<1x3x32x32xf32>
        %15 = affine.load %1[%arg2, %arg5, %arg6, %arg7] : memref<6x3x5x5xf32>
        %16 = affine.load %alloc_8[%arg1, %arg2, %arg3, %arg4] : memref<1x6x14x14xf32>
        %17 = arith.mulf %14, %15 : f32
        %18 = arith.addf %16, %17 : f32
        affine.store %18, %alloc_8[%arg1, %arg2, %arg3, %arg4] : memref<1x6x14x14xf32>
      }
    }
  }
} (ALAP level: 7)
[MapToAcceleratorPass] ALAP sorted op: affine.yield (ALAP level: 7)
[MapToAcceleratorPass] ALAP sorted op: affine.for %arg3 = 0 to 14 {
  affine.for %arg4 = 0 to 14 {
    affine.for %arg5 = 0 to 3 {
      affine.for %arg6 = 0 to 5 {
        affine.for %arg7 = 0 to 5 {
          %12 = affine.apply affine_map<(d0, d1) -> (d0 * 2 + d1)>(%arg3, %arg6)
          %13 = affine.apply affine_map<(d0, d1) -> (d0 * 2 + d1)>(%arg4, %arg7)
          %14 = affine.load %0[%arg1, %arg5, %12, %13] : memref<1x3x32x32xf32>
          %15 = affine.load %1[%arg2, %arg5, %arg6, %arg7] : memref<6x3x5x5xf32>
          %16 = affine.load %alloc_8[%arg1, %arg2, %arg3, %arg4] : memref<1x6x14x14xf32>
          %17 = arith.mulf %14, %15 : f32
          %18 = arith.addf %16, %17 : f32
          affine.store %18, %alloc_8[%arg1, %arg2, %arg3, %arg4] : memref<1x6x14x14xf32>
        }
      }
    }
  }
} (ALAP level: 7)
[MapToAcceleratorPass] ALAP sorted op: affine.yield (ALAP level: 7)
[MapToAcceleratorPass] ALAP sorted op: affine.for %arg2 = 0 to 6 {
  affine.for %arg3 = 0 to 14 {
    affine.for %arg4 = 0 to 14 {
      affine.for %arg5 = 0 to 3 {
        affine.for %arg6 = 0 to 5 {
          affine.for %arg7 = 0 to 5 {
            %12 = affine.apply affine_map<(d0, d1) -> (d0 * 2 + d1)>(%arg3, %arg6)
            %13 = affine.apply affine_map<(d0, d1) -> (d0 * 2 + d1)>(%arg4, %arg7)
            %14 = affine.load %0[%arg1, %arg5, %12, %13] : memref<1x3x32x32xf32>
            %15 = affine.load %1[%arg2, %arg5, %arg6, %arg7] : memref<6x3x5x5xf32>
            %16 = affine.load %alloc_8[%arg1, %arg2, %arg3, %arg4] : memref<1x6x14x14xf32>
            %17 = arith.mulf %14, %15 : f32
            %18 = arith.addf %16, %17 : f32
            affine.store %18, %alloc_8[%arg1, %arg2, %arg3, %arg4] : memref<1x6x14x14xf32>
          }
        }
      }
    }
  }
} (ALAP level: 7)
[MapToAcceleratorPass] ALAP sorted op: affine.yield (ALAP level: 7)
[MapToAcceleratorPass] ALAP sorted op: affine.for %arg1 = 0 to 1 {
  affine.for %arg2 = 0 to 6 {
    affine.for %arg3 = 0 to 14 {
      affine.for %arg4 = 0 to 14 {
        affine.for %arg5 = 0 to 3 {
          affine.for %arg6 = 0 to 5 {
            affine.for %arg7 = 0 to 5 {
              %12 = affine.apply affine_map<(d0, d1) -> (d0 * 2 + d1)>(%arg3, %arg6)
              %13 = affine.apply affine_map<(d0, d1) -> (d0 * 2 + d1)>(%arg4, %arg7)
              %14 = affine.load %0[%arg1, %arg5, %12, %13] : memref<1x3x32x32xf32>
              %15 = affine.load %1[%arg2, %arg5, %arg6, %arg7] : memref<6x3x5x5xf32>
              %16 = affine.load %alloc_8[%arg1, %arg2, %arg3, %arg4] : memref<1x6x14x14xf32>
              %17 = arith.mulf %14, %15 : f32
              %18 = arith.addf %16, %17 : f32
              affine.store %18, %alloc_8[%arg1, %arg2, %arg3, %arg4] : memref<1x6x14x14xf32>
            }
          }
        }
      }
    }
  }
} {neura.fan_avg = 0.33333333331746029 : f64, neura.i_arith = 0.49999999987499999 : f64, neura.l_depth = 6 : i32, neura.op_count = 21 : i64, neura.placement_x = 0 : i32, neura.placement_y = 0 : i32, neura.r_affine = 0.99999999974999997 : f64, neura.r_vec = 0.000000e+00 : f64, neura.rec_mii = 1.000000e+00 : f64, neura.s_buffer = 150336 : i64, neura.streaming_succs = [2 : i32], neura.task_id = 1 : i32, neura.v_live_out = 32 : i64} (ALAP level: 7)
[MapToAcceleratorPass] ALAP sorted op: affine.yield (ALAP level: 7)
[MapToAcceleratorPass] ALAP sorted op: affine.for %arg4 = 0 to 14 {
  %12 = affine.load %alloc_8[%c0, %arg2, %arg3, %arg4] : memref<1x6x14x14xf32>
  %13 = arith.cmpf ugt, %12, %cst_6 : f32
  %14 = arith.select %13, %12, %cst_6 : f32
  affine.store %14, %alloc_9[%arg1, %arg2, %arg3, %arg4] : memref<1x6x14x14xf32>
} (ALAP level: 7)
[MapToAcceleratorPass] ALAP sorted op: affine.yield (ALAP level: 7)
[MapToAcceleratorPass] ALAP sorted op: affine.for %arg3 = 0 to 14 {
  affine.for %arg4 = 0 to 14 {
    %12 = affine.load %alloc_8[%c0, %arg2, %arg3, %arg4] : memref<1x6x14x14xf32>
    %13 = arith.cmpf ugt, %12, %cst_6 : f32
    %14 = arith.select %13, %12, %cst_6 : f32
    affine.store %14, %alloc_9[%arg1, %arg2, %arg3, %arg4] : memref<1x6x14x14xf32>
  }
} (ALAP level: 7)
[MapToAcceleratorPass] ALAP sorted op: affine.yield (ALAP level: 7)
[MapToAcceleratorPass] ALAP sorted op: affine.for %arg2 = 0 to 6 {
  affine.for %arg3 = 0 to 14 {
    affine.for %arg4 = 0 to 14 {
      %12 = affine.load %alloc_8[%c0, %arg2, %arg3, %arg4] : memref<1x6x14x14xf32>
      %13 = arith.cmpf ugt, %12, %cst_6 : f32
      %14 = arith.select %13, %12, %cst_6 : f32
      affine.store %14, %alloc_9[%arg1, %arg2, %arg3, %arg4] : memref<1x6x14x14xf32>
    }
  }
} (ALAP level: 7)
[MapToAcceleratorPass] ALAP sorted op: affine.yield (ALAP level: 7)
[MapToAcceleratorPass] ALAP sorted op: affine.for %arg1 = 0 to 1 {
  affine.for %arg2 = 0 to 6 {
    affine.for %arg3 = 0 to 14 {
      affine.for %arg4 = 0 to 14 {
        %12 = affine.load %alloc_8[%c0, %arg2, %arg3, %arg4] : memref<1x6x14x14xf32>
        %13 = arith.cmpf ugt, %12, %cst_6 : f32
        %14 = arith.select %13, %12, %cst_6 : f32
        affine.store %14, %alloc_9[%arg1, %arg2, %arg3, %arg4] : memref<1x6x14x14xf32>
      }
    }
  }
} {neura.fan_avg = 0.36363636360330576 : f64, neura.i_arith = 0.99999999949999996 : f64, neura.l_depth = 3 : i32, neura.op_count = 11 : i64, neura.placement_x = 0 : i32, neura.placement_y = 0 : i32, neura.r_affine = 0.99999999949999996 : f64, neura.r_vec = 0.000000e+00 : f64, neura.rec_mii = 1.000000e+00 : f64, neura.s_buffer = 75264 : i64, neura.streaming_succs = [4 : i32], neura.task_id = 2 : i32, neura.v_live_out = 32 : i64} (ALAP level: 7)
[MapToAcceleratorPass] ALAP sorted op: affine.yield (ALAP level: 7)
[MapToAcceleratorPass] ALAP sorted op: affine.for %arg4 = 0 to 5 {
  affine.store %cst_6, %alloc_10[%arg1, %arg2, %arg3, %arg4] : memref<1x16x5x5xf32>
} (ALAP level: 7)
[MapToAcceleratorPass] ALAP sorted op: affine.yield (ALAP level: 7)
[MapToAcceleratorPass] ALAP sorted op: affine.for %arg3 = 0 to 5 {
  affine.for %arg4 = 0 to 5 {
    affine.store %cst_6, %alloc_10[%arg1, %arg2, %arg3, %arg4] : memref<1x16x5x5xf32>
  }
} (ALAP level: 7)
[MapToAcceleratorPass] ALAP sorted op: affine.yield (ALAP level: 7)
[MapToAcceleratorPass] ALAP sorted op: affine.for %arg2 = 0 to 16 {
  affine.for %arg3 = 0 to 5 {
    affine.for %arg4 = 0 to 5 {
      affine.store %cst_6, %alloc_10[%arg1, %arg2, %arg3, %arg4] : memref<1x16x5x5xf32>
    }
  }
} (ALAP level: 7)
[MapToAcceleratorPass] ALAP sorted op: affine.yield (ALAP level: 7)
[MapToAcceleratorPass] ALAP sorted op: affine.for %arg1 = 0 to 1 {
  affine.for %arg2 = 0 to 16 {
    affine.for %arg3 = 0 to 5 {
      affine.for %arg4 = 0 to 5 {
        affine.store %cst_6, %alloc_10[%arg1, %arg2, %arg3, %arg4] : memref<1x16x5x5xf32>
      }
    }
  }
} {neura.fan_avg = 0.000000e+00 : f64, neura.i_arith = 0.000000e+00 : f64, neura.l_depth = 3 : i32, neura.op_count = 8 : i64, neura.placement_x = 3 : i32, neura.placement_y = 0 : i32, neura.r_affine = 0.99999999899999991 : f64, neura.r_vec = 0.000000e+00 : f64, neura.rec_mii = 1.000000e+00 : f64, neura.s_buffer = 12800 : i64, neura.task_id = 3 : i32, neura.v_live_out = 32 : i64} (ALAP level: 7)
[MapToAcceleratorPass] ALAP sorted op: affine.yield (ALAP level: 7)
[MapToAcceleratorPass] ALAP sorted op: affine.for %arg7 = 0 to 5 {
  %12 = affine.apply affine_map<(d0, d1) -> (d0 * 2 + d1)>(%arg3, %arg6)
  %13 = affine.apply affine_map<(d0, d1) -> (d0 * 2 + d1)>(%arg4, %arg7)
  %14 = affine.load %alloc_9[%arg1, %arg5, %12, %13] : memref<1x6x14x14xf32>
  %15 = affine.load %2[%arg2, %arg5, %arg6, %arg7] : memref<16x6x5x5xf32>
  %16 = affine.load %alloc_11[%arg1, %arg2, %arg3, %arg4] : memref<1x16x5x5xf32>
  %17 = arith.mulf %14, %15 : f32
  %18 = arith.addf %16, %17 : f32
  affine.store %18, %alloc_11[%arg1, %arg2, %arg3, %arg4] : memref<1x16x5x5xf32>
} (ALAP level: 7)
[MapToAcceleratorPass] ALAP sorted op: affine.yield (ALAP level: 7)
[MapToAcceleratorPass] ALAP sorted op: affine.for %arg6 = 0 to 5 {
  affine.for %arg7 = 0 to 5 {
    %12 = affine.apply affine_map<(d0, d1) -> (d0 * 2 + d1)>(%arg3, %arg6)
    %13 = affine.apply affine_map<(d0, d1) -> (d0 * 2 + d1)>(%arg4, %arg7)
    %14 = affine.load %alloc_9[%arg1, %arg5, %12, %13] : memref<1x6x14x14xf32>
    %15 = affine.load %2[%arg2, %arg5, %arg6, %arg7] : memref<16x6x5x5xf32>
    %16 = affine.load %alloc_11[%arg1, %arg2, %arg3, %arg4] : memref<1x16x5x5xf32>
    %17 = arith.mulf %14, %15 : f32
    %18 = arith.addf %16, %17 : f32
    affine.store %18, %alloc_11[%arg1, %arg2, %arg3, %arg4] : memref<1x16x5x5xf32>
  }
} (ALAP level: 7)
[MapToAcceleratorPass] ALAP sorted op: affine.yield (ALAP level: 7)
[MapToAcceleratorPass] ALAP sorted op: affine.for %arg5 = 0 to 6 {
  affine.for %arg6 = 0 to 5 {
    affine.for %arg7 = 0 to 5 {
      %12 = affine.apply affine_map<(d0, d1) -> (d0 * 2 + d1)>(%arg3, %arg6)
      %13 = affine.apply affine_map<(d0, d1) -> (d0 * 2 + d1)>(%arg4, %arg7)
      %14 = affine.load %alloc_9[%arg1, %arg5, %12, %13] : memref<1x6x14x14xf32>
      %15 = affine.load %2[%arg2, %arg5, %arg6, %arg7] : memref<16x6x5x5xf32>
      %16 = affine.load %alloc_11[%arg1, %arg2, %arg3, %arg4] : memref<1x16x5x5xf32>
      %17 = arith.mulf %14, %15 : f32
      %18 = arith.addf %16, %17 : f32
      affine.store %18, %alloc_11[%arg1, %arg2, %arg3, %arg4] : memref<1x16x5x5xf32>
    }
  }
} (ALAP level: 7)
[MapToAcceleratorPass] ALAP sorted op: affine.yield (ALAP level: 7)
[MapToAcceleratorPass] ALAP sorted op: affine.for %arg4 = 0 to 5 {
  affine.for %arg5 = 0 to 6 {
    affine.for %arg6 = 0 to 5 {
      affine.for %arg7 = 0 to 5 {
        %12 = affine.apply affine_map<(d0, d1) -> (d0 * 2 + d1)>(%arg3, %arg6)
        %13 = affine.apply affine_map<(d0, d1) -> (d0 * 2 + d1)>(%arg4, %arg7)
        %14 = affine.load %alloc_9[%arg1, %arg5, %12, %13] : memref<1x6x14x14xf32>
        %15 = affine.load %2[%arg2, %arg5, %arg6, %arg7] : memref<16x6x5x5xf32>
        %16 = affine.load %alloc_11[%arg1, %arg2, %arg3, %arg4] : memref<1x16x5x5xf32>
        %17 = arith.mulf %14, %15 : f32
        %18 = arith.addf %16, %17 : f32
        affine.store %18, %alloc_11[%arg1, %arg2, %arg3, %arg4] : memref<1x16x5x5xf32>
      }
    }
  }
} (ALAP level: 7)
[MapToAcceleratorPass] ALAP sorted op: affine.yield (ALAP level: 7)
[MapToAcceleratorPass] ALAP sorted op: affine.for %arg3 = 0 to 5 {
  affine.for %arg4 = 0 to 5 {
    affine.for %arg5 = 0 to 6 {
      affine.for %arg6 = 0 to 5 {
        affine.for %arg7 = 0 to 5 {
          %12 = affine.apply affine_map<(d0, d1) -> (d0 * 2 + d1)>(%arg3, %arg6)
          %13 = affine.apply affine_map<(d0, d1) -> (d0 * 2 + d1)>(%arg4, %arg7)
          %14 = affine.load %alloc_9[%arg1, %arg5, %12, %13] : memref<1x6x14x14xf32>
          %15 = affine.load %2[%arg2, %arg5, %arg6, %arg7] : memref<16x6x5x5xf32>
          %16 = affine.load %alloc_11[%arg1, %arg2, %arg3, %arg4] : memref<1x16x5x5xf32>
          %17 = arith.mulf %14, %15 : f32
          %18 = arith.addf %16, %17 : f32
          affine.store %18, %alloc_11[%arg1, %arg2, %arg3, %arg4] : memref<1x16x5x5xf32>
        }
      }
    }
  }
} (ALAP level: 7)
[MapToAcceleratorPass] ALAP sorted op: affine.yield (ALAP level: 7)
[MapToAcceleratorPass] ALAP sorted op: affine.for %arg2 = 0 to 16 {
  affine.for %arg3 = 0 to 5 {
    affine.for %arg4 = 0 to 5 {
      affine.for %arg5 = 0 to 6 {
        affine.for %arg6 = 0 to 5 {
          affine.for %arg7 = 0 to 5 {
            %12 = affine.apply affine_map<(d0, d1) -> (d0 * 2 + d1)>(%arg3, %arg6)
            %13 = affine.apply affine_map<(d0, d1) -> (d0 * 2 + d1)>(%arg4, %arg7)
            %14 = affine.load %alloc_9[%arg1, %arg5, %12, %13] : memref<1x6x14x14xf32>
            %15 = affine.load %2[%arg2, %arg5, %arg6, %arg7] : memref<16x6x5x5xf32>
            %16 = affine.load %alloc_11[%arg1, %arg2, %arg3, %arg4] : memref<1x16x5x5xf32>
            %17 = arith.mulf %14, %15 : f32
            %18 = arith.addf %16, %17 : f32
            affine.store %18, %alloc_11[%arg1, %arg2, %arg3, %arg4] : memref<1x16x5x5xf32>
          }
        }
      }
    }
  }
} (ALAP level: 7)
[MapToAcceleratorPass] ALAP sorted op: affine.yield (ALAP level: 7)
[MapToAcceleratorPass] ALAP sorted op: affine.for %arg1 = 0 to 1 {
  affine.for %arg2 = 0 to 16 {
    affine.for %arg3 = 0 to 5 {
      affine.for %arg4 = 0 to 5 {
        affine.for %arg5 = 0 to 6 {
          affine.for %arg6 = 0 to 5 {
            affine.for %arg7 = 0 to 5 {
              %12 = affine.apply affine_map<(d0, d1) -> (d0 * 2 + d1)>(%arg3, %arg6)
              %13 = affine.apply affine_map<(d0, d1) -> (d0 * 2 + d1)>(%arg4, %arg7)
              %14 = affine.load %alloc_9[%arg1, %arg5, %12, %13] : memref<1x6x14x14xf32>
              %15 = affine.load %2[%arg2, %arg5, %arg6, %arg7] : memref<16x6x5x5xf32>
              %16 = affine.load %alloc_11[%arg1, %arg2, %arg3, %arg4] : memref<1x16x5x5xf32>
              %17 = arith.mulf %14, %15 : f32
              %18 = arith.addf %16, %17 : f32
              affine.store %18, %alloc_11[%arg1, %arg2, %arg3, %arg4] : memref<1x16x5x5xf32>
            }
          }
        }
      }
    }
  }
} {neura.fan_avg = 0.33333333331746029 : f64, neura.i_arith = 0.49999999987499999 : f64, neura.l_depth = 6 : i32, neura.op_count = 21 : i64, neura.placement_x = 0 : i32, neura.placement_y = 0 : i32, neura.r_affine = 0.99999999974999997 : f64, neura.r_vec = 0.000000e+00 : f64, neura.rec_mii = 1.000000e+00 : f64, neura.s_buffer = 127232 : i64, neura.streaming_succs = [5 : i32], neura.task_id = 4 : i32, neura.v_live_out = 32 : i64} (ALAP level: 7)
[MapToAcceleratorPass] ALAP sorted op: affine.yield (ALAP level: 7)
[MapToAcceleratorPass] ALAP sorted op: affine.for %arg4 = 0 to 5 {
  %12 = affine.load %alloc_11[%c0, %arg2, %arg3, %arg4] : memref<1x16x5x5xf32>
  %13 = arith.cmpf ugt, %12, %cst_6 : f32
  %14 = arith.select %13, %12, %cst_6 : f32
  affine.store %14, %alloc_12[%arg1, %arg2, %arg3, %arg4] : memref<1x16x5x5xf32>
} (ALAP level: 7)
[MapToAcceleratorPass] ALAP sorted op: affine.yield (ALAP level: 7)
[MapToAcceleratorPass] ALAP sorted op: affine.for %arg3 = 0 to 5 {
  affine.for %arg4 = 0 to 5 {
    %12 = affine.load %alloc_11[%c0, %arg2, %arg3, %arg4] : memref<1x16x5x5xf32>
    %13 = arith.cmpf ugt, %12, %cst_6 : f32
    %14 = arith.select %13, %12, %cst_6 : f32
    affine.store %14, %alloc_12[%arg1, %arg2, %arg3, %arg4] : memref<1x16x5x5xf32>
  }
} (ALAP level: 7)
[MapToAcceleratorPass] ALAP sorted op: affine.yield (ALAP level: 7)
[MapToAcceleratorPass] ALAP sorted op: affine.for %arg2 = 0 to 16 {
  affine.for %arg3 = 0 to 5 {
    affine.for %arg4 = 0 to 5 {
      %12 = affine.load %alloc_11[%c0, %arg2, %arg3, %arg4] : memref<1x16x5x5xf32>
      %13 = arith.cmpf ugt, %12, %cst_6 : f32
      %14 = arith.select %13, %12, %cst_6 : f32
      affine.store %14, %alloc_12[%arg1, %arg2, %arg3, %arg4] : memref<1x16x5x5xf32>
    }
  }
} (ALAP level: 7)
[MapToAcceleratorPass] ALAP sorted op: affine.yield (ALAP level: 7)
[MapToAcceleratorPass] ALAP sorted op: affine.for %arg1 = 0 to 1 {
  affine.for %arg2 = 0 to 16 {
    affine.for %arg3 = 0 to 5 {
      affine.for %arg4 = 0 to 5 {
        %12 = affine.load %alloc_11[%c0, %arg2, %arg3, %arg4] : memref<1x16x5x5xf32>
        %13 = arith.cmpf ugt, %12, %cst_6 : f32
        %14 = arith.select %13, %12, %cst_6 : f32
        affine.store %14, %alloc_12[%arg1, %arg2, %arg3, %arg4] : memref<1x16x5x5xf32>
      }
    }
  }
} {neura.fan_avg = 0.36363636360330576 : f64, neura.i_arith = 0.99999999949999996 : f64, neura.l_depth = 3 : i32, neura.op_count = 11 : i64, neura.placement_x = 0 : i32, neura.placement_y = 0 : i32, neura.r_affine = 0.99999999949999996 : f64, neura.r_vec = 0.000000e+00 : f64, neura.rec_mii = 1.000000e+00 : f64, neura.s_buffer = 25600 : i64, neura.task_id = 5 : i32, neura.v_live_out = 32 : i64} (ALAP level: 7)
[MapToAcceleratorPass] ALAP sorted op: affine.yield (ALAP level: 7)
[MapToAcceleratorPass] ALAP sorted op: affine.for %arg2 = 0 to 400 {
  %12 = affine.load %3[%arg1, %arg2] : memref<120x400xf32>
  affine.store %12, %alloc_13[%arg2, %arg1] : memref<400x120xf32>
} (ALAP level: 7)
[MapToAcceleratorPass] ALAP sorted op: affine.yield (ALAP level: 7)
[MapToAcceleratorPass] ALAP sorted op: affine.for %arg1 = 0 to 120 {
  affine.for %arg2 = 0 to 400 {
    %12 = affine.load %3[%arg1, %arg2] : memref<120x400xf32>
    affine.store %12, %alloc_13[%arg2, %arg1] : memref<400x120xf32>
  }
} {neura.fan_avg = 0.19999999996000001 : f64, neura.i_arith = 0.000000e+00 : f64, neura.l_depth = 1 : i32, neura.op_count = 5 : i64, neura.placement_x = 1 : i32, neura.placement_y = 0 : i32, neura.r_affine = 0.99999999949999996 : f64, neura.r_vec = 0.000000e+00 : f64, neura.rec_mii = 1.000000e+00 : f64, neura.s_buffer = 3072000 : i64, neura.streaming_succs = [8 : i32], neura.task_id = 6 : i32, neura.v_live_out = 32 : i64} (ALAP level: 7)
[MapToAcceleratorPass] ALAP sorted op: affine.yield (ALAP level: 7)
[MapToAcceleratorPass] ALAP sorted op: affine.for %arg2 = 0 to 120 {
  affine.store %cst_6, %alloc_14[%arg1, %arg2] : memref<1x120xf32>
} (ALAP level: 7)
[MapToAcceleratorPass] ALAP sorted op: affine.yield (ALAP level: 7)
[MapToAcceleratorPass] ALAP sorted op: affine.for %arg1 = 0 to 1 {
  affine.for %arg2 = 0 to 120 {
    affine.store %cst_6, %alloc_14[%arg1, %arg2] : memref<1x120xf32>
  }
} {neura.fan_avg = 0.000000e+00 : f64, neura.i_arith = 0.000000e+00 : f64, neura.l_depth = 1 : i32, neura.op_count = 4 : i64, neura.placement_x = 0 : i32, neura.placement_y = 1 : i32, neura.r_affine = 0.99999999899999991 : f64, neura.r_vec = 0.000000e+00 : f64, neura.rec_mii = 1.000000e+00 : f64, neura.s_buffer = 3840 : i64, neura.task_id = 7 : i32, neura.v_live_out = 32 : i64} (ALAP level: 7)
[MapToAcceleratorPass] ALAP sorted op: affine.yield (ALAP level: 7)
[MapToAcceleratorPass] ALAP sorted op: affine.for %arg3 = 0 to 400 {
  %12 = affine.load %10[%arg1, %arg3] : memref<1x400xf32>
  %13 = affine.load %alloc_13[%arg3, %arg2] : memref<400x120xf32>
  %14 = affine.load %alloc_15[%arg1, %arg2] : memref<1x120xf32>
  %15 = arith.mulf %12, %13 : f32
  %16 = arith.addf %14, %15 : f32
  affine.store %16, %alloc_15[%arg1, %arg2] : memref<1x120xf32>
} (ALAP level: 7)
[MapToAcceleratorPass] ALAP sorted op: affine.yield (ALAP level: 7)
[MapToAcceleratorPass] ALAP sorted op: affine.for %arg2 = 0 to 120 {
  affine.for %arg3 = 0 to 400 {
    %12 = affine.load %10[%arg1, %arg3] : memref<1x400xf32>
    %13 = affine.load %alloc_13[%arg3, %arg2] : memref<400x120xf32>
    %14 = affine.load %alloc_15[%arg1, %arg2] : memref<1x120xf32>
    %15 = arith.mulf %12, %13 : f32
    %16 = arith.addf %14, %15 : f32
    affine.store %16, %alloc_15[%arg1, %arg2] : memref<1x120xf32>
  }
} (ALAP level: 7)
[MapToAcceleratorPass] ALAP sorted op: affine.yield (ALAP level: 7)
[MapToAcceleratorPass] ALAP sorted op: affine.for %arg1 = 0 to 1 {
  affine.for %arg2 = 0 to 120 {
    affine.for %arg3 = 0 to 400 {
      %12 = affine.load %10[%arg1, %arg3] : memref<1x400xf32>
      %13 = affine.load %alloc_13[%arg3, %arg2] : memref<400x120xf32>
      %14 = affine.load %alloc_15[%arg1, %arg2] : memref<1x120xf32>
      %15 = arith.mulf %12, %13 : f32
      %16 = arith.addf %14, %15 : f32
      affine.store %16, %alloc_15[%arg1, %arg2] : memref<1x120xf32>
    }
  }
} {neura.fan_avg = 0.45454545450413225 : f64, neura.i_arith = 0.49999999987499999 : f64, neura.l_depth = 2 : i32, neura.op_count = 11 : i64, neura.placement_x = 1 : i32, neura.placement_y = 0 : i32, neura.r_affine = 0.99999999974999997 : f64, neura.r_vec = 0.000000e+00 : f64, neura.rec_mii = 1.000000e+00 : f64, neura.s_buffer = 1552640 : i64, neura.streaming_succs = [9 : i32], neura.task_id = 8 : i32, neura.v_live_out = 32 : i64} (ALAP level: 7)
[MapToAcceleratorPass] ALAP sorted op: affine.yield (ALAP level: 7)
[MapToAcceleratorPass] ALAP sorted op: affine.for %arg2 = 0 to 120 {
  %12 = affine.load %alloc_15[%c0, %arg2] : memref<1x120xf32>
  %13 = affine.load %4[%arg2] : memref<120xf32>
  %14 = arith.addf %12, %13 : f32
  affine.store %14, %alloc_16[%arg1, %arg2] : memref<1x120xf32>
} (ALAP level: 7)
[MapToAcceleratorPass] ALAP sorted op: affine.yield (ALAP level: 7)
[MapToAcceleratorPass] ALAP sorted op: affine.for %arg1 = 0 to 1 {
  affine.for %arg2 = 0 to 120 {
    %12 = affine.load %alloc_15[%c0, %arg2] : memref<1x120xf32>
    %13 = affine.load %4[%arg2] : memref<120xf32>
    %14 = arith.addf %12, %13 : f32
    affine.store %14, %alloc_16[%arg1, %arg2] : memref<1x120xf32>
  }
} {neura.fan_avg = 0.42857142851020408 : f64, neura.i_arith = 0.33333333322222219 : f64, neura.l_depth = 1 : i32, neura.op_count = 7 : i64, neura.placement_x = 1 : i32, neura.placement_y = 0 : i32, neura.r_affine = 0.99999999966666663 : f64, neura.r_vec = 0.000000e+00 : f64, neura.rec_mii = 1.000000e+00 : f64, neura.s_buffer = 11520 : i64, neura.streaming_succs = [10 : i32], neura.task_id = 9 : i32, neura.v_live_out = 32 : i64} (ALAP level: 7)
[MapToAcceleratorPass] ALAP sorted op: affine.yield (ALAP level: 7)
[MapToAcceleratorPass] ALAP sorted op: affine.for %arg2 = 0 to 120 {
  %12 = affine.load %alloc_16[%c0, %arg2] : memref<1x120xf32>
  %13 = arith.cmpf ugt, %12, %cst_6 : f32
  %14 = arith.select %13, %12, %cst_6 : f32
  affine.store %14, %alloc_17[%arg1, %arg2] : memref<1x120xf32>
} (ALAP level: 7)
[MapToAcceleratorPass] ALAP sorted op: affine.yield (ALAP level: 7)
[MapToAcceleratorPass] ALAP sorted op: affine.for %arg1 = 0 to 1 {
  affine.for %arg2 = 0 to 120 {
    %12 = affine.load %alloc_16[%c0, %arg2] : memref<1x120xf32>
    %13 = arith.cmpf ugt, %12, %cst_6 : f32
    %14 = arith.select %13, %12, %cst_6 : f32
    affine.store %14, %alloc_17[%arg1, %arg2] : memref<1x120xf32>
  }
} {neura.fan_avg = 0.57142857134693881 : f64, neura.i_arith = 0.99999999949999996 : f64, neura.l_depth = 1 : i32, neura.op_count = 7 : i64, neura.placement_x = 1 : i32, neura.placement_y = 0 : i32, neura.r_affine = 0.99999999949999996 : f64, neura.r_vec = 0.000000e+00 : f64, neura.rec_mii = 1.000000e+00 : f64, neura.s_buffer = 7680 : i64, neura.streaming_succs = [13 : i32], neura.task_id = 10 : i32, neura.v_live_out = 32 : i64} (ALAP level: 7)
[MapToAcceleratorPass] ALAP sorted op: affine.yield (ALAP level: 7)
[MapToAcceleratorPass] ALAP sorted op: affine.for %arg2 = 0 to 120 {
  %12 = affine.load %5[%arg1, %arg2] : memref<84x120xf32>
  affine.store %12, %alloc_18[%arg2, %arg1] : memref<120x84xf32>
} (ALAP level: 7)
[MapToAcceleratorPass] ALAP sorted op: affine.yield (ALAP level: 7)
[MapToAcceleratorPass] ALAP sorted op: affine.for %arg1 = 0 to 84 {
  affine.for %arg2 = 0 to 120 {
    %12 = affine.load %5[%arg1, %arg2] : memref<84x120xf32>
    affine.store %12, %alloc_18[%arg2, %arg1] : memref<120x84xf32>
  }
} {neura.fan_avg = 0.19999999996000001 : f64, neura.i_arith = 0.000000e+00 : f64, neura.l_depth = 1 : i32, neura.op_count = 5 : i64, neura.placement_x = 1 : i32, neura.placement_y = 0 : i32, neura.r_affine = 0.99999999949999996 : f64, neura.r_vec = 0.000000e+00 : f64, neura.rec_mii = 1.000000e+00 : f64, neura.s_buffer = 645120 : i64, neura.streaming_succs = [13 : i32], neura.task_id = 11 : i32, neura.v_live_out = 32 : i64} (ALAP level: 7)
[MapToAcceleratorPass] ALAP sorted op: affine.yield (ALAP level: 7)
[MapToAcceleratorPass] ALAP sorted op: affine.for %arg2 = 0 to 84 {
  affine.store %cst_6, %alloc_19[%arg1, %arg2] : memref<1x84xf32>
} (ALAP level: 7)
[MapToAcceleratorPass] ALAP sorted op: affine.yield (ALAP level: 7)
[MapToAcceleratorPass] ALAP sorted op: affine.for %arg1 = 0 to 1 {
  affine.for %arg2 = 0 to 84 {
    affine.store %cst_6, %alloc_19[%arg1, %arg2] : memref<1x84xf32>
  }
} {neura.fan_avg = 0.000000e+00 : f64, neura.i_arith = 0.000000e+00 : f64, neura.l_depth = 1 : i32, neura.op_count = 4 : i64, neura.placement_x = 1 : i32, neura.placement_y = 1 : i32, neura.r_affine = 0.99999999899999991 : f64, neura.r_vec = 0.000000e+00 : f64, neura.rec_mii = 1.000000e+00 : f64, neura.s_buffer = 2688 : i64, neura.task_id = 12 : i32, neura.v_live_out = 32 : i64} (ALAP level: 7)
[MapToAcceleratorPass] ALAP sorted op: affine.yield (ALAP level: 7)
[MapToAcceleratorPass] ALAP sorted op: affine.for %arg3 = 0 to 120 {
  %12 = affine.load %alloc_17[%arg1, %arg3] : memref<1x120xf32>
  %13 = affine.load %alloc_18[%arg3, %arg2] : memref<120x84xf32>
  %14 = affine.load %alloc_20[%arg1, %arg2] : memref<1x84xf32>
  %15 = arith.mulf %12, %13 : f32
  %16 = arith.addf %14, %15 : f32
  affine.store %16, %alloc_20[%arg1, %arg2] : memref<1x84xf32>
} (ALAP level: 7)
[MapToAcceleratorPass] ALAP sorted op: affine.yield (ALAP level: 7)
[MapToAcceleratorPass] ALAP sorted op: affine.for %arg2 = 0 to 84 {
  affine.for %arg3 = 0 to 120 {
    %12 = affine.load %alloc_17[%arg1, %arg3] : memref<1x120xf32>
    %13 = affine.load %alloc_18[%arg3, %arg2] : memref<120x84xf32>
    %14 = affine.load %alloc_20[%arg1, %arg2] : memref<1x84xf32>
    %15 = arith.mulf %12, %13 : f32
    %16 = arith.addf %14, %15 : f32
    affine.store %16, %alloc_20[%arg1, %arg2] : memref<1x84xf32>
  }
} (ALAP level: 7)
[MapToAcceleratorPass] ALAP sorted op: affine.yield (ALAP level: 7)
[MapToAcceleratorPass] ALAP sorted op: affine.for %arg1 = 0 to 1 {
  affine.for %arg2 = 0 to 84 {
    affine.for %arg3 = 0 to 120 {
      %12 = affine.load %alloc_17[%arg1, %arg3] : memref<1x120xf32>
      %13 = affine.load %alloc_18[%arg3, %arg2] : memref<120x84xf32>
      %14 = affine.load %alloc_20[%arg1, %arg2] : memref<1x84xf32>
      %15 = arith.mulf %12, %13 : f32
      %16 = arith.addf %14, %15 : f32
      affine.store %16, %alloc_20[%arg1, %arg2] : memref<1x84xf32>
    }
  }
} {neura.fan_avg = 0.45454545450413225 : f64, neura.i_arith = 0.49999999987499999 : f64, neura.l_depth = 2 : i32, neura.op_count = 11 : i64, neura.placement_x = 1 : i32, neura.placement_y = 0 : i32, neura.r_affine = 0.99999999974999997 : f64, neura.r_vec = 0.000000e+00 : f64, neura.rec_mii = 1.000000e+00 : f64, neura.s_buffer = 329088 : i64, neura.streaming_succs = [14 : i32], neura.task_id = 13 : i32, neura.v_live_out = 32 : i64} (ALAP level: 7)
[MapToAcceleratorPass] ALAP sorted op: affine.yield (ALAP level: 7)
[MapToAcceleratorPass] ALAP sorted op: affine.for %arg2 = 0 to 84 {
  %12 = affine.load %alloc_20[%c0, %arg2] : memref<1x84xf32>
  %13 = affine.load %6[%arg2] : memref<84xf32>
  %14 = arith.addf %12, %13 : f32
  affine.store %14, %alloc_21[%arg1, %arg2] : memref<1x84xf32>
} (ALAP level: 7)
[MapToAcceleratorPass] ALAP sorted op: affine.yield (ALAP level: 7)
[MapToAcceleratorPass] ALAP sorted op: affine.for %arg1 = 0 to 1 {
  affine.for %arg2 = 0 to 84 {
    %12 = affine.load %alloc_20[%c0, %arg2] : memref<1x84xf32>
    %13 = affine.load %6[%arg2] : memref<84xf32>
    %14 = arith.addf %12, %13 : f32
    affine.store %14, %alloc_21[%arg1, %arg2] : memref<1x84xf32>
  }
} {neura.fan_avg = 0.42857142851020408 : f64, neura.i_arith = 0.33333333322222219 : f64, neura.l_depth = 1 : i32, neura.op_count = 7 : i64, neura.placement_x = 1 : i32, neura.placement_y = 0 : i32, neura.r_affine = 0.99999999966666663 : f64, neura.r_vec = 0.000000e+00 : f64, neura.rec_mii = 1.000000e+00 : f64, neura.s_buffer = 8064 : i64, neura.streaming_succs = [15 : i32], neura.task_id = 14 : i32, neura.v_live_out = 32 : i64} (ALAP level: 7)
[MapToAcceleratorPass] ALAP sorted op: affine.yield (ALAP level: 7)
[MapToAcceleratorPass] ALAP sorted op: affine.for %arg2 = 0 to 84 {
  %12 = affine.load %alloc_21[%c0, %arg2] : memref<1x84xf32>
  %13 = arith.cmpf ugt, %12, %cst_6 : f32
  %14 = arith.select %13, %12, %cst_6 : f32
  affine.store %14, %alloc_22[%arg1, %arg2] : memref<1x84xf32>
} (ALAP level: 7)
[MapToAcceleratorPass] ALAP sorted op: affine.yield (ALAP level: 7)
[MapToAcceleratorPass] ALAP sorted op: affine.for %arg1 = 0 to 1 {
  affine.for %arg2 = 0 to 84 {
    %12 = affine.load %alloc_21[%c0, %arg2] : memref<1x84xf32>
    %13 = arith.cmpf ugt, %12, %cst_6 : f32
    %14 = arith.select %13, %12, %cst_6 : f32
    affine.store %14, %alloc_22[%arg1, %arg2] : memref<1x84xf32>
  }
} {neura.fan_avg = 0.57142857134693881 : f64, neura.i_arith = 0.99999999949999996 : f64, neura.l_depth = 1 : i32, neura.op_count = 7 : i64, neura.placement_x = 1 : i32, neura.placement_y = 0 : i32, neura.r_affine = 0.99999999949999996 : f64, neura.r_vec = 0.000000e+00 : f64, neura.rec_mii = 1.000000e+00 : f64, neura.s_buffer = 5376 : i64, neura.streaming_succs = [18 : i32], neura.task_id = 15 : i32, neura.v_live_out = 32 : i64} (ALAP level: 7)
[MapToAcceleratorPass] ALAP sorted op: affine.yield (ALAP level: 7)
[MapToAcceleratorPass] ALAP sorted op: affine.for %arg2 = 0 to 84 {
  %12 = affine.load %7[%arg1, %arg2] : memref<10x84xf32>
  affine.store %12, %alloc_23[%arg2, %arg1] : memref<84x10xf32>
} (ALAP level: 7)
[MapToAcceleratorPass] ALAP sorted op: affine.yield (ALAP level: 7)
[MapToAcceleratorPass] ALAP sorted op: affine.for %arg1 = 0 to 10 {
  affine.for %arg2 = 0 to 84 {
    %12 = affine.load %7[%arg1, %arg2] : memref<10x84xf32>
    affine.store %12, %alloc_23[%arg2, %arg1] : memref<84x10xf32>
  }
} {neura.fan_avg = 0.19999999996000001 : f64, neura.i_arith = 0.000000e+00 : f64, neura.l_depth = 1 : i32, neura.op_count = 5 : i64, neura.placement_x = 0 : i32, neura.placement_y = 0 : i32, neura.r_affine = 0.99999999949999996 : f64, neura.r_vec = 0.000000e+00 : f64, neura.rec_mii = 1.000000e+00 : f64, neura.s_buffer = 53760 : i64, neura.streaming_succs = [18 : i32], neura.task_id = 16 : i32, neura.v_live_out = 32 : i64} (ALAP level: 7)
[MapToAcceleratorPass] ALAP sorted op: affine.yield (ALAP level: 7)
[MapToAcceleratorPass] ALAP sorted op: affine.for %arg2 = 0 to 10 {
  affine.store %cst_6, %alloc_24[%arg1, %arg2] : memref<1x10xf32>
} (ALAP level: 7)
[MapToAcceleratorPass] ALAP sorted op: affine.yield (ALAP level: 7)
[MapToAcceleratorPass] ALAP sorted op: affine.for %arg1 = 0 to 1 {
  affine.for %arg2 = 0 to 10 {
    affine.store %cst_6, %alloc_24[%arg1, %arg2] : memref<1x10xf32>
  }
} {neura.fan_avg = 0.000000e+00 : f64, neura.i_arith = 0.000000e+00 : f64, neura.l_depth = 1 : i32, neura.op_count = 4 : i64, neura.placement_x = 2 : i32, neura.placement_y = 1 : i32, neura.r_affine = 0.99999999899999991 : f64, neura.r_vec = 0.000000e+00 : f64, neura.rec_mii = 1.000000e+00 : f64, neura.s_buffer = 320 : i64, neura.task_id = 17 : i32, neura.v_live_out = 32 : i64} (ALAP level: 7)
[MapToAcceleratorPass] ALAP sorted op: affine.yield (ALAP level: 7)
[MapToAcceleratorPass] ALAP sorted op: affine.for %arg3 = 0 to 84 {
  %12 = affine.load %alloc_22[%arg1, %arg3] : memref<1x84xf32>
  %13 = affine.load %alloc_23[%arg3, %arg2] : memref<84x10xf32>
  %14 = affine.load %alloc_25[%arg1, %arg2] : memref<1x10xf32>
  %15 = arith.mulf %12, %13 : f32
  %16 = arith.addf %14, %15 : f32
  affine.store %16, %alloc_25[%arg1, %arg2] : memref<1x10xf32>
} (ALAP level: 7)
[MapToAcceleratorPass] ALAP sorted op: affine.yield (ALAP level: 7)
[MapToAcceleratorPass] ALAP sorted op: affine.for %arg2 = 0 to 10 {
  affine.for %arg3 = 0 to 84 {
    %12 = affine.load %alloc_22[%arg1, %arg3] : memref<1x84xf32>
    %13 = affine.load %alloc_23[%arg3, %arg2] : memref<84x10xf32>
    %14 = affine.load %alloc_25[%arg1, %arg2] : memref<1x10xf32>
    %15 = arith.mulf %12, %13 : f32
    %16 = arith.addf %14, %15 : f32
    affine.store %16, %alloc_25[%arg1, %arg2] : memref<1x10xf32>
  }
} (ALAP level: 7)
[MapToAcceleratorPass] ALAP sorted op: affine.yield (ALAP level: 7)
[MapToAcceleratorPass] ALAP sorted op: affine.for %arg1 = 0 to 1 {
  affine.for %arg2 = 0 to 10 {
    affine.for %arg3 = 0 to 84 {
      %12 = affine.load %alloc_22[%arg1, %arg3] : memref<1x84xf32>
      %13 = affine.load %alloc_23[%arg3, %arg2] : memref<84x10xf32>
      %14 = affine.load %alloc_25[%arg1, %arg2] : memref<1x10xf32>
      %15 = arith.mulf %12, %13 : f32
      %16 = arith.addf %14, %15 : f32
      affine.store %16, %alloc_25[%arg1, %arg2] : memref<1x10xf32>
    }
  }
} {neura.fan_avg = 0.45454545450413225 : f64, neura.i_arith = 0.49999999987499999 : f64, neura.l_depth = 2 : i32, neura.op_count = 11 : i64, neura.placement_x = 0 : i32, neura.placement_y = 0 : i32, neura.r_affine = 0.99999999974999997 : f64, neura.r_vec = 0.000000e+00 : f64, neura.rec_mii = 1.000000e+00 : f64, neura.s_buffer = 29888 : i64, neura.streaming_succs = [19 : i32], neura.task_id = 18 : i32, neura.v_live_out = 32 : i64} (ALAP level: 7)
[MapToAcceleratorPass] ALAP sorted op: affine.yield (ALAP level: 7)
[MapToAcceleratorPass] ALAP sorted op: affine.for %arg2 = 0 to 10 {
  %12 = affine.load %alloc_25[%c0, %arg2] : memref<1x10xf32>
  %13 = affine.load %8[%arg2] : memref<10xf32>
  %14 = arith.addf %12, %13 : f32
  aff[MapToAcceleratorPass] Start mapping with target II of 16
ine.store %14, %alloc_26[%arg1, %arg2] : memref<1x10xf32>
} (ALAP level: 7)
[MapToAcceleratorPass] ALAP sorted op: affine.yield (ALAP level: 7)
[MapToAcceleratorPass] ALAP sorted op: affine.for %arg1 = 0 to 1 {
  affine.for %arg2 = 0 to 10 {
    %12 = affine.load %alloc_25[%c0, %arg2] : memref<1x10xf32>
    %13 = affine.load %8[%arg2] : memref<10xf32>
    %14 = arith.addf %12, %13 : f32
    affine.store %14, %alloc_26[%arg1, %arg2] : memref<1x10xf32>
  }
} {neura.fan_avg = 0.42857142851020408 : f64, neura.i_arith = 0.33333333322222219 : f64, neura.l_depth = 1 : i32, neura.op_count = 7 : i64, neura.placement_x = 0 : i32, neura.placement_y = 0 : i32, neura.r_affine = 0.99999999966666663 : f64, neura.r_vec = 0.000000e+00 : f64, neura.rec_mii = 1.000000e+00 : f64, neura.s_buffer = 960 : i64, neura.task_id = 19 : i32, neura.v_live_out = 32 : i64} (ALAP level: 7)
[MapToAcceleratorPass] ALAP sorted op: affine.store %cst_6, %alloc[%arg1, %arg2, %arg3, %arg4] : memref<1x6x14x14xf32> (ALAP level: 7)
[MapToAcceleratorPass] ALAP sorted op: memref.copy %alloc, %alloc_8 : memref<1x6x14x14xf32> to memref<1x6x14x14xf32> (ALAP level: 7)
[MapToAcceleratorPass] ALAP sorted op: affine.store %cst_6, %alloc_10[%arg1, %arg2, %arg3, %arg4] : memref<1x16x5x5xf32> (ALAP level: 7)
[MapToAcceleratorPass] ALAP sorted op: memref.copy %alloc_10, %alloc_11 : memref<1x16x5x5xf32> to memref<1x16x5x5xf32> (ALAP level: 7)
[MapToAcceleratorPass] ALAP sorted op: affine.store %cst_6, %alloc_14[%arg1, %arg2] : memref<1x120xf32> (ALAP level: 7)
[MapToAcceleratorPass] ALAP sorted op: memref.copy %alloc_14, %alloc_15 : memref<1x120xf32> to memref<1x120xf32> (ALAP level: 7)
[MapToAcceleratorPass] ALAP sorted op: affine.store %cst_6, %alloc_19[%arg1, %arg2] : memref<1x84xf32> (ALAP level: 7)
[MapToAcceleratorPass] ALAP sorted op: memref.copy %alloc_19, %alloc_20 : memref<1x84xf32> to memref<1x84xf32> (ALAP level: 7)
[MapToAcceleratorPass] ALAP sorted op: affine.store %cst_6, %alloc_24[%arg1, %arg2] : memref<1x10xf32> (ALAP level: 7)
[MapToAcceleratorPass] ALAP sorted op: memref.copy %alloc_24, %alloc_25 : memref<1x10xf32> to memref<1x10xf32> (ALAP level: 7)
[MapToAcceleratorPass] ALAP sorted op: func.return %11 : tensor<1x10xf32> (ALAP level: 7)
[MapToAcceleratorPass] ALAP sorted op: affine.store %12, %alloc_23[%arg2, %arg1] : memref<84x10xf32> (ALAP level: 7)
[MapToAcceleratorPass] ALAP sorted op: affine.store %12, %alloc_18[%arg2, %arg1] : memref<120x84xf32> (ALAP level: 7)
[MapToAcceleratorPass] ALAP sorted op: affine.store %12, %alloc_13[%arg2, %arg1] : memref<400x120xf32> (ALAP level: 7)
[MapToAcceleratorPass] ALAP sorted op: affine.store %14, %alloc_26[%arg1, %arg2] : memref<1x10xf32> (ALAP level: 7)
[MapToAcceleratorPass] ALAP sorted op: affine.store %14, %alloc_21[%arg1, %arg2] : memref<1x84xf32> (ALAP level: 7)
[MapToAcceleratorPass] ALAP sorted op: affine.store %14, %alloc_16[%arg1, %arg2] : memref<1x120xf32> (ALAP level: 7)
[MapToAcceleratorPass] ALAP sorted op: affine.store %14, %alloc_9[%arg1, %arg2, %arg3, %arg4] : memref<1x6x14x14xf32> (ALAP level: 7)
[MapToAcceleratorPass] ALAP sorted op: affine.store %14, %alloc_12[%arg1, %arg2, %arg3, %arg4] : memref<1x16x5x5xf32> (ALAP level: 7)
[MapToAcceleratorPass] ALAP sorted op: affine.store %14, %alloc_17[%arg1, %arg2] : memref<1x120xf32> (ALAP level: 7)
[MapToAcceleratorPass] ALAP sorted op: affine.store %16, %alloc_20[%arg1, %arg2] : memref<1x84xf32> (ALAP level: 7)
[MapToAcceleratorPass] ALAP sorted op: affine.store %14, %alloc_22[%arg1, %arg2] : memref<1x84xf32> (ALAP level: 7)
[MapToAcceleratorPass] ALAP sorted op: affine.store %16, %alloc_25[%arg1, %arg2] : memref<1x10xf32> (ALAP level: 7)
[MapToAcceleratorPass] ALAP sorted op: affine.store %18, %alloc_11[%arg1, %arg2, %arg3, %arg4] : memref<1x16x5x5xf32> (ALAP level: 7)
[MapToAcceleratorPass] ALAP sorted op: affine.store %18, %alloc_8[%arg1, %arg2, %arg3, %arg4] : memref<1x6x14x14xf32> (ALAP level: 7)
[MapToAcceleratorPass] ALAP sorted op: affine.store %16, %alloc_15[%arg1, %arg2] : memref<1x120xf32> (ALAP level: 7)
---------------------------------------------------------
[HeuristicMapping] Starting mapping with 244 operations.
Configuration: MAX Backtrack Depth = 3, MAX Candidate Locations = 5
[HeuristicMapping] Filtered 0 non-materialized operations, 244 operations require physical mapping.
[HeuristicMapping] Materialized operations list:
0 %alloc_12 = memref.alloc() {alignment = 64 : i64} : memref<1x16x5x5xf32> (level: 0)
1 %9 = bufferization.to_tensor %alloc_12 : memref<1x16x5x5xf32> to tensor<1x16x5x5xf32> (level: 1)
2 %cst_5 = arith.constant dense_resource<torch_tensor_16_6_5_5_torch.float32> : tensor<16x6x5x5xf32> (level: 2)
3 %cst_7 = arith.constant dense_resource<torch_tensor_6_3_5_5_torch.float32> : tensor<6x3x5x5xf32> (level: 2)
4 %collapsed = tensor.collapse_shape %9 [[0], [1, 2, 3]] : tensor<1x16x5x5xf32> into tensor<1x400xf32> (level: 2)
5 %c0 = arith.constant 0 : index (level: 3)
6 %cst = arith.constant dense_resource<torch_tensor_10_torch.float32> : tensor<10xf32> (level: 3)
7 %cst_1 = arith.constant dense_resource<torch_tensor_84_torch.float32> : tensor<84xf32> (level: 3)
8 %cst_3 = arith.constant dense_resource<torch_tensor_120_torch.float32> : tensor<120xf32> (level: 3)
9 %0 = bufferization.to_memref %arg0 : tensor<1x3x32x32xf32> to memref<1x3x32x32xf32> (level: 3)
10 %alloc_8 = memref.alloc() {alignment = 64 : i64} : memref<1x6x14x14xf32> (level: 3)
11 %12 = affine.apply affine_map<(d0, d1) -> (d0 * 2 + d1)>(%arg3, %arg6) (level: 3)
12 %13 = affine.apply affine_map<(d0, d1) -> (d0 * 2 + d1)>(%arg4, %arg7) (level: 3)
13 %alloc_9 = memref.alloc() {alignment = 64 : i64} : memref<1x6x14x14xf32> (level: 3)
14 %alloc_11 = memref.alloc() {alignment = 64 : i64} : memref<1x16x5x5xf32> (level: 3)
15 %12 = affine.apply affine_map<(d0, d1) -> (d0 * 2 + d1)>(%arg3, %arg6) (level: 3)
16 %13 = affine.apply affine_map<(d0, d1) -> (d0 * 2 + d1)>(%arg4, %arg7) (level: 3)
17 %alloc_13 = memref.alloc() {alignment = 64 : i64} : memref<400x120xf32> (level: 3)
18 %alloc_16 = memref.alloc() {alignment = 64 : i64} : memref<1x120xf32> (level: 3)
19 %alloc_17 = memref.alloc() {alignment = 64 : i64} : memref<1x120xf32> (level: 3)
20 %alloc_18 = memref.alloc() {alignment = 64 : i64} : memref<120x84xf32> (level: 3)
21 %alloc_21 = memref.alloc() {alignment = 64 : i64} : memref<1x84xf32> (level: 3)
22 %alloc_22 = memref.alloc() {alignment = 64 : i64} : memref<1x84xf32> (level: 3)
23 %alloc_23 = memref.alloc() {alignment = 64 : i64} : memref<84x10xf32> (level: 3)
24 %2 = bufferization.to_memref %cst_5 : tensor<16x6x5x5xf32> to memref<16x6x5x5xf32> (level: 3)
25 %1 = bufferization.to_memref %cst_7 : tensor<6x3x5x5xf32> to memref<6x3x5x5xf32> (level: 3)
26 %10 = bufferization.to_memref %collapsed : tensor<1x400xf32> to memref<1x400xf32> (level: 3)
27 %cst_0 = arith.constant dense_resource<torch_tensor_10_84_torch.float32> : tensor<10x84xf32> (level: 4)
28 %cst_2 = arith.constant dense_resource<torch_tensor_84_120_torch.float32> : tensor<84x120xf32> (level: 4)
29 %cst_4 = arith.constant dense_resource<torch_tensor_120_400_torch.float32> : tensor<120x400xf32> (level: 4)
30 %cst_6 = arith.constant 0.000000e+00 : f32 (level: 4)
31 %alloc_15 = memref.alloc() {alignment = 64 : i64} : memref<1x120xf32> (level: 4)
32 %alloc_20 = memref.alloc() {alignment = 64 : i64} : memref<1x84xf32> (level: 4)
33 %alloc_25 = memref.alloc() {alignment = 64 : i64} : memref<1x10xf32> (level: 4)
34 %8 = bufferization.to_memref %cst : tensor<10xf32> to memref<10xf32> (level: 4)
35 %6 = bufferization.to_memref %cst_1 : tensor<84xf32> to memref<84xf32> (level: 4)
36 %4 = bufferization.to_memref %cst_3 : tensor<120xf32> to memref<120xf32> (level: 4)
37 %12 = affine.load %alloc_8[%c0, %arg2, %arg3, %arg4] : memref<1x6x14x14xf32> (level: 4)
38 %14 = affine.load %0[%arg1, %arg5, %12, %13] : memref<1x3x32x32xf32> (level: 4)
39 %12 = affine.load %alloc_11[%c0, %arg2, %arg3, %arg4] : memref<1x16x5x5xf32> (level: 4)
40 %14 = affine.load %alloc_9[%arg1, %arg5, %12, %13] : memref<1x6x14x14xf32> (level: 4)
41 %13 = affine.load %alloc_13[%arg3, %arg2] : memref<400x120xf32> (level: 4)
42 %12 = affine.load %alloc_16[%c0, %arg2] : memref<1x120xf32> (level: 4)
43 %12 = affine.load %alloc_17[%arg1, %arg3] : memref<1x120xf32> (level: 4)
44 %13 = affine.load %alloc_18[%arg3, %arg2] : memref<120x84xf32> (level: 4)
45 %12 = affine.load %alloc_21[%c0, %arg2] : memref<1x84xf32> (level: 4)
46 %12 = affine.load %alloc_22[%arg1, %arg3] : memref<1x84xf32> (level: 4)
47 %13 = affine.load %alloc_23[%arg3, %arg2] : memref<84x10xf32> (level: 4)
48 %15 = affine.load %2[%arg2, %arg5, %arg6, %arg7] : memref<16x6x5x5xf32> (level: 4)
49 %15 = affine.load %1[%arg2, %arg5, %arg6, %arg7] : memref<6x3x5x5xf32> (level: 4)
50 %12 = affine.load %10[%arg1, %arg3] : memref<1x400xf32> (level: 4)
51 %alloc_26 = memref.alloc() {alignment = 64 : i64} : memref<1x10xf32> (level: 5)
52 %7 = bufferization.to_memref %cst_0 : tensor<10x84xf32> to memref<10x84xf32> (level: 5)
53 %5 = bufferization.to_memref %cst_2 : tensor<84x120xf32> to memref<84x120xf32> (level: 5)
54 %3 = bufferization.to_memref %cst_4 : tensor<120x400xf32> to memref<120x400xf32> (level: 5)
55 %16 = affine.load %alloc_8[%arg1, %arg2, %arg3, %arg4] : memref<1x6x14x14xf32> (level: 5)
56 %16 = affine.load %alloc_11[%arg1, %arg2, %arg3, %arg4] : memref<1x16x5x5xf32> (level: 5)
57 %12 = affine.load %alloc_15[%c0, %arg2] : memref<1x120xf32> (level: 5)
58 %14 = affine.load %alloc_15[%arg1, %arg2] : memref<1x120xf32> (level: 5)
59 %12 = affine.load %alloc_20[%c0, %arg2] : memref<1x84xf32> (level: 5)
60 %14 = affine.load %alloc_20[%arg1, %arg2] : memref<1x84xf32> (level: 5)
61 %12 = affine.load %alloc_25[%c0, %arg2] : memref<1x10xf32> (level: 5)
62 %14 = affine.load %alloc_25[%arg1, %arg2] : memref<1x10xf32> (level: 5)
63 %13 = affine.load %8[%arg2] : memref<10xf32> (level: 5)
64 %13 = affine.load %6[%arg2] : memref<84xf32> (level: 5)
65 %13 = affine.load %4[%arg2] : memref<120xf32> (level: 5)
66 %13 = arith.cmpf ugt, %12, %cst_6 : f32 (level: 5)
67 %13 = arith.cmpf ugt, %12, %cst_6 : f32 (level: 5)
68 %13 = arith.cmpf ugt, %12, %cst_6 : f32 (level: 5)
69 %15 = arith.mulf %12, %13 : f32 (level: 5)
70 %13 = arith.cmpf ugt, %12, %cst_6 : f32 (level: 5)
71 %15 = arith.mulf %12, %13 : f32 (level: 5)
72 %17 = arith.mulf %14, %15 : f32 (level: 5)
73 %17 = arith.mulf %14, %15 : f32 (level: 5)
74 %15 = arith.mulf %12, %13 : f32 (level: 5)
75 %alloc = memref.alloc() {alignment = 64 : i64} : memref<1x6x14x14xf32> (level: 6)
76 %alloc_10 = memref.alloc() {alignment = 64 : i64} : memref<1x16x5x5xf32> (level: 6)
77 %alloc_14 = memref.alloc() {alignment = 64 : i64} : memref<1x120xf32> (level: 6)
78 %alloc_19 = memref.alloc() {alignment = 64 : i64} : memref<1x84xf32> (level: 6)
79 %alloc_24 = memref.alloc() {alignment = 64 : i64} : memref<1x10xf32> (level: 6)
80 %11 = bufferization.to_tensor %alloc_26 : memref<1x10xf32> to tensor<1x10xf32> (level: 6)
81 %12 = affine.load %7[%arg1, %arg2] : memref<10x84xf32> (level: 6)
82 %12 = affine.load %5[%arg1, %arg2] : memref<84x120xf32> (level: 6)
83 %12 = affine.load %3[%arg1, %arg2] : memref<120x400xf32> (level: 6)
84 %14 = arith.addf %12, %13 : f32 (level: 6)
85 %14 = arith.addf %12, %13 : f32 (level: 6)
86 %14 = arith.addf %12, %13 : f32 (level: 6)
87 %14 = arith.select %13, %12, %cst_6 : f32 (level: 6)
88 %14 = arith.select %13, %12, %cst_6 : f32 (level: 6)
89 %14 = arith.select %13, %12, %cst_6 : f32 (level: 6)
90 %16 = arith.addf %14, %15 : f32 (level: 6)
91 %14 = arith.select %13, %12, %cst_6 : f32 (level: 6)
92 %16 = arith.addf %14, %15 : f32 (level: 6)
93 %18 = arith.addf %16, %17 : f32 (level: 6)
94 %18 = arith.addf %16, %17 : f32 (level: 6)
95 %16 = arith.addf %14, %15 : f32 (level: 6)
96 affine.yield (level: 7)
97 affine.for %arg4 = 0 to 14 {
  affine.store %cst_6, %alloc[%arg1, %arg2, %arg3, %arg4] : memref<1x6x14x14xf32>
} (level: 7)
98 affine.yield (level: 7)
99 affine.for %arg3 = 0 to 14 {
  affine.for %arg4 = 0 to 14 {
    affine.store %cst_6, %alloc[%arg1, %arg2, %arg3, %arg4] : memref<1x6x14x14xf32>
  }
} (level: 7)
100 affine.yield (level: 7)
101 affine.for %arg2 = 0 to 6 {
  affine.for %arg3 = 0 to 14 {
    affine.for %arg4 = 0 to 14 {
      affine.store %cst_6, %alloc[%arg1, %arg2, %arg3, %arg4] : memref<1x6x14x14xf32>
    }
  }
} (level: 7)
102 affine.yield (level: 7)
103 affine.for %arg1 = 0 to 1 {
  affine.for %arg2 = 0 to 6 {
    affine.for %arg3 = 0 to 14 {
      affine.for %arg4 = 0 to 14 {
        affine.store %cst_6, %alloc[%arg1, %arg2, %arg3, %arg4] : memref<1x6x14x14xf32>
      }
    }
  }
} {neura.fan_avg = 0.000000e+00 : f64, neura.i_arith = 0.000000e+00 : f64, neura.l_depth = 3 : i32, neura.op_count = 8 : i64, neura.placement_x = 2 : i32, neura.placement_y = 0 : i32, neura.r_affine = 0.99999999899999991 : f64, neura.r_vec = 0.000000e+00 : f64, neura.rec_mii = 1.000000e+00 : f64, neura.s_buffer = 37632 : i64, neura.task_id = 0 : i32, neura.v_live_out = 32 : i64} (level: 7)
104 affine.yield (level: 7)
105 affine.for %arg7 = 0 to 5 {
  %12 = affine.apply affine_map<(d0, d1) -> (d0 * 2 + d1)>(%arg3, %arg6)
  %13 = affine.apply affine_map<(d0, d1) -> (d0 * 2 + d1)>(%arg4, %arg7)
  %14 = affine.load %0[%arg1, %arg5, %12, %13] : memref<1x3x32x32xf32>
  %15 = affine.load %1[%arg2, %arg5, %arg6, %arg7] : memref<6x3x5x5xf32>
  %16 = affine.load %alloc_8[%arg1, %arg2, %arg3, %arg4] : memref<1x6x14x14xf32>
  %17 = arith.mulf %14, %15 : f32
  %18 = arith.addf %16, %17 : f32
  affine.store %18, %alloc_8[%arg1, %arg2, %arg3, %arg4] : memref<1x6x14x14xf32>
} (level: 7)
106 affine.yield (level: 7)
107 affine.for %arg6 = 0 to 5 {
  affine.for %arg7 = 0 to 5 {
    %12 = affine.apply affine_map<(d0, d1) -> (d0 * 2 + d1)>(%arg3, %arg6)
    %13 = affine.apply affine_map<(d0, d1) -> (d0 * 2 + d1)>(%arg4, %arg7)
    %14 = affine.load %0[%arg1, %arg5, %12, %13] : memref<1x3x32x32xf32>
    %15 = affine.load %1[%arg2, %arg5, %arg6, %arg7] : memref<6x3x5x5xf32>
    %16 = affine.load %alloc_8[%arg1, %arg2, %arg3, %arg4] : memref<1x6x14x14xf32>
    %17 = arith.mulf %14, %15 : f32
    %18 = arith.addf %16, %17 : f32
    affine.store %18, %alloc_8[%arg1, %arg2, %arg3, %arg4] : memref<1x6x14x14xf32>
  }
} (level: 7)
108 affine.yield (level: 7)
109 affine.for %arg5 = 0 to 3 {
  affine.for %arg6 = 0 to 5 {
    affine.for %arg7 = 0 to 5 {
      %12 = affine.apply affine_map<(d0, d1) -> (d0 * 2 + d1)>(%arg3, %arg6)
      %13 = affine.apply affine_map<(d0, d1) -> (d0 * 2 + d1)>(%arg4, %arg7)
      %14 = affine.load %0[%arg1, %arg5, %12, %13] : memref<1x3x32x32xf32>
      %15 = affine.load %1[%arg2, %arg5, %arg6, %arg7] : memref<6x3x5x5xf32>
      %16 = affine.load %alloc_8[%arg1, %arg2, %arg3, %arg4] : memref<1x6x14x14xf32>
      %17 = arith.mulf %14, %15 : f32
      %18 = arith.addf %16, %17 : f32
      affine.store %18, %alloc_8[%arg1, %arg2, %arg3, %arg4] : memref<1x6x14x14xf32>
    }
  }
} (level: 7)
110 affine.yield (level: 7)
111 affine.for %arg4 = 0 to 14 {
  affine.for %arg5 = 0 to 3 {
    affine.for %arg6 = 0 to 5 {
      affine.for %arg7 = 0 to 5 {
        %12 = affine.apply affine_map<(d0, d1) -> (d0 * 2 + d1)>(%arg3, %arg6)
        %13 = affine.apply affine_map<(d0, d1) -> (d0 * 2 + d1)>(%arg4, %arg7)
        %14 = affine.load %0[%arg1, %arg5, %12, %13] : memref<1x3x32x32xf32>
        %15 = affine.load %1[%arg2, %arg5, %arg6, %arg7] : memref<6x3x5x5xf32>
        %16 = affine.load %alloc_8[%arg1, %arg2, %arg3, %arg4] : memref<1x6x14x14xf32>
        %17 = arith.mulf %14, %15 : f32
        %18 = arith.addf %16, %17 : f32
        affine.store %18, %alloc_8[%arg1, %arg2, %arg3, %arg4] : memref<1x6x14x14xf32>
      }
    }
  }
} (level: 7)
112 affine.yield (level: 7)
113 affine.for %arg3 = 0 to 14 {
  affine.for %arg4 = 0 to 14 {
    affine.for %arg5 = 0 to 3 {
      affine.for %arg6 = 0 to 5 {
        affine.for %arg7 = 0 to 5 {
          %12 = affine.apply affine_map<(d0, d1) -> (d0 * 2 + d1)>(%arg3, %arg6)
          %13 = affine.apply affine_map<(d0, d1) -> (d0 * 2 + d1)>(%arg4, %arg7)
          %14 = affine.load %0[%arg1, %arg5, %12, %13] : memref<1x3x32x32xf32>
          %15 = affine.load %1[%arg2, %arg5, %arg6, %arg7] : memref<6x3x5x5xf32>
          %16 = affine.load %alloc_8[%arg1, %arg2, %arg3, %arg4] : memref<1x6x14x14xf32>
          %17 = arith.mulf %14, %15 : f32
          %18 = arith.addf %16, %17 : f32
          affine.store %18, %alloc_8[%arg1, %arg2, %arg3, %arg4] : memref<1x6x14x14xf32>
        }
      }
    }
  }
} (level: 7)
114 affine.yield (level: 7)
115 affine.for %arg2 = 0 to 6 {
  affine.for %arg3 = 0 to 14 {
    affine.for %arg4 = 0 to 14 {
      affine.for %arg5 = 0 to 3 {
        affine.for %arg6 = 0 to 5 {
          affine.for %arg7 = 0 to 5 {
            %12 = affine.apply affine_map<(d0, d1) -> (d0 * 2 + d1)>(%arg3, %arg6)
            %13 = affine.apply affine_map<(d0, d1) -> (d0 * 2 + d1)>(%arg4, %arg7)
            %14 = affine.load %0[%arg1, %arg5, %12, %13] : memref<1x3x32x32xf32>
            %15 = affine.load %1[%arg2, %arg5, %arg6, %arg7] : memref<6x3x5x5xf32>
            %16 = affine.load %alloc_8[%arg1, %arg2, %arg3, %arg4] : memref<1x6x14x14xf32>
            %17 = arith.mulf %14, %15 : f32
            %18 = arith.addf %16, %17 : f32
            affine.store %18, %alloc_8[%arg1, %arg2, %arg3, %arg4] : memref<1x6x14x14xf32>
          }
        }
      }
    }
  }
} (level: 7)
116 affine.yield (level: 7)
117 affine.for %arg1 = 0 to 1 {
  affine.for %arg2 = 0 to 6 {
    affine.for %arg3 = 0 to 14 {
      affine.for %arg4 = 0 to 14 {
        affine.for %arg5 = 0 to 3 {
          affine.for %arg6 = 0 to 5 {
            affine.for %arg7 = 0 to 5 {
              %12 = affine.apply affine_map<(d0, d1) -> (d0 * 2 + d1)>(%arg3, %arg6)
              %13 = affine.apply affine_map<(d0, d1) -> (d0 * 2 + d1)>(%arg4, %arg7)
              %14 = affine.load %0[%arg1, %arg5, %12, %13] : memref<1x3x32x32xf32>
              %15 = affine.load %1[%arg2, %arg5, %arg6, %arg7] : memref<6x3x5x5xf32>
              %16 = affine.load %alloc_8[%arg1, %arg2, %arg3, %arg4] : memref<1x6x14x14xf32>
              %17 = arith.mulf %14, %15 : f32
              %18 = arith.addf %16, %17 : f32
              affine.store %18, %alloc_8[%arg1, %arg2, %arg3, %arg4] : memref<1x6x14x14xf32>
            }
          }
        }
      }
    }
  }
} {neura.fan_avg = 0.33333333331746029 : f64, neura.i_arith = 0.49999999987499999 : f64, neura.l_depth = 6 : i32, neura.op_count = 21 : i64, neura.placement_x = 0 : i32, neura.placement_y = 0 : i32, neura.r_affine = 0.99999999974999997 : f64, neura.r_vec = 0.000000e+00 : f64, neura.rec_mii = 1.000000e+00 : f64, neura.s_buffer = 150336 : i64, neura.streaming_succs = [2 : i32], neura.task_id = 1 : i32, neura.v_live_out = 32 : i64} (level: 7)
118 affine.yield (level: 7)
119 affine.for %arg4 = 0 to 14 {
  %12 = affine.load %alloc_8[%c0, %arg2, %arg3, %arg4] : memref<1x6x14x14xf32>
  %13 = arith.cmpf ugt, %12, %cst_6 : f32
  %14 = arith.select %13, %12, %cst_6 : f32
  affine.store %14, %alloc_9[%arg1, %arg2, %arg3, %arg4] : memref<1x6x14x14xf32>
} (level: 7)
120 affine.yield (level: 7)
121 affine.for %arg3 = 0 to 14 {
  affine.for %arg4 = 0 to 14 {
    %12 = affine.load %alloc_8[%c0, %arg2, %arg3, %arg4] : memref<1x6x14x14xf32>
    %13 = arith.cmpf ugt, %12, %cst_6 : f32
    %14 = arith.select %13, %12, %cst_6 : f32
    affine.store %14, %alloc_9[%arg1, %arg2, %arg3, %arg4] : memref<1x6x14x14xf32>
  }
} (level: 7)
122 affine.yield (level: 7)
123 affine.for %arg2 = 0 to 6 {
  affine.for %arg3 = 0 to 14 {
    affine.for %arg4 = 0 to 14 {
      %12 = affine.load %alloc_8[%c0, %arg2, %arg3, %arg4] : memref<1x6x14x14xf32>
      %13 = arith.cmpf ugt, %12, %cst_6 : f32
      %14 = arith.select %13, %12, %cst_6 : f32
      affine.store %14, %alloc_9[%arg1, %arg2, %arg3, %arg4] : memref<1x6x14x14xf32>
    }
  }
} (level: 7)
124 affine.yield (level: 7)
125 affine.for %arg1 = 0 to 1 {
  affine.for %arg2 = 0 to 6 {
    affine.for %arg3 = 0 to 14 {
      affine.for %arg4 = 0 to 14 {
        %12 = affine.load %alloc_8[%c0, %arg2, %arg3, %arg4] : memref<1x6x14x14xf32>
        %13 = arith.cmpf ugt, %12, %cst_6 : f32
        %14 = arith.select %13, %12, %cst_6 : f32
        affine.store %14, %alloc_9[%arg1, %arg2, %arg3, %arg4] : memref<1x6x14x14xf32>
      }
    }
  }
} {neura.fan_avg = 0.36363636360330576 : f64, neura.i_arith = 0.99999999949999996 : f64, neura.l_depth = 3 : i32, neura.op_count = 11 : i64, neura.placement_x = 0 : i32, neura.placement_y = 0 : i32, neura.r_affine = 0.99999999949999996 : f64, neura.r_vec = 0.000000e+00 : f64, neura.rec_mii = 1.000000e+00 : f64, neura.s_buffer = 75264 : i64, neura.streaming_succs = [4 : i32], neura.task_id = 2 : i32, neura.v_live_out = 32 : i64} (level: 7)
126 affine.yield (level: 7)
127 affine.for %arg4 = 0 to 5 {
  affine.store %cst_6, %alloc_10[%arg1, %arg2, %arg3, %arg4] : memref<1x16x5x5xf32>
} (level: 7)
128 affine.yield (level: 7)
129 affine.for %arg3 = 0 to 5 {
  affine.for %arg4 = 0 to 5 {
    affine.store %cst_6, %alloc_10[%arg1, %arg2, %arg3, %arg4] : memref<1x16x5x5xf32>
  }
} (level: 7)
130 affine.yield (level: 7)
131 affine.for %arg2 = 0 to 16 {
  affine.for %arg3 = 0 to 5 {
    affine.for %arg4 = 0 to 5 {
      affine.store %cst_6, %alloc_10[%arg1, %arg2, %arg3, %arg4] : memref<1x16x5x5xf32>
    }
  }
} (level: 7)
132 affine.yield (level: 7)
133 affine.for %arg1 = 0 to 1 {
  affine.for %arg2 = 0 to 16 {
    affine.for %arg3 = 0 to 5 {
      affine.for %arg4 = 0 to 5 {
        affine.store %cst_6, %alloc_10[%arg1, %arg2, %arg3, %arg4] : memref<1x16x5x5xf32>
      }
    }
  }
} {neura.fan_avg = 0.000000e+00 : f64, neura.i_arith = 0.000000e+00 : f64, neura.l_depth = 3 : i32, neura.op_count = 8 : i64, neura.placement_x = 3 : i32, neura.placement_y = 0 : i32, neura.r_affine = 0.99999999899999991 : f64, neura.r_vec = 0.000000e+00 : f64, neura.rec_mii = 1.000000e+00 : f64, neura.s_buffer = 12800 : i64, neura.task_id = 3 : i32, neura.v_live_out = 32 : i64} (level: 7)
134 affine.yield (level: 7)
135 affine.for %arg7 = 0 to 5 {
  %12 = affine.apply affine_map<(d0, d1) -> (d0 * 2 + d1)>(%arg3, %arg6)
  %13 = affine.apply affine_map<(d0, d1) -> (d0 * 2 + d1)>(%arg4, %arg7)
  %14 = affine.load %alloc_9[%arg1, %arg5, %12, %13] : memref<1x6x14x14xf32>
  %15 = affine.load %2[%arg2, %arg5, %arg6, %arg7] : memref<16x6x5x5xf32>
  %16 = affine.load %alloc_11[%arg1, %arg2, %arg3, %arg4] : memref<1x16x5x5xf32>
  %17 = arith.mulf %14, %15 : f32
  %18 = arith.addf %16, %17 : f32
  affine.store %18, %alloc_11[%arg1, %arg2, %arg3, %arg4] : memref<1x16x5x5xf32>
} (level: 7)
136 affine.yield (level: 7)
137 affine.for %arg6 = 0 to 5 {
  affine.for %arg7 = 0 to 5 {
    %12 = affine.apply affine_map<(d0, d1) -> (d0 * 2 + d1)>(%arg3, %arg6)
    %13 = affine.apply affine_map<(d0, d1) -> (d0 * 2 + d1)>(%arg4, %arg7)
    %14 = affine.load %alloc_9[%arg1, %arg5, %12, %13] : memref<1x6x14x14xf32>
    %15 = affine.load %2[%arg2, %arg5, %arg6, %arg7] : memref<16x6x5x5xf32>
    %16 = affine.load %alloc_11[%arg1, %arg2, %arg3, %arg4] : memref<1x16x5x5xf32>
    %17 = arith.mulf %14, %15 : f32
    %18 = arith.addf %16, %17 : f32
    affine.store %18, %alloc_11[%arg1, %arg2, %arg3, %arg4] : memref<1x16x5x5xf32>
  }
} (level: 7)
138 affine.yield (level: 7)
139 affine.for %arg5 = 0 to 6 {
  affine.for %arg6 = 0 to 5 {
    affine.for %arg7 = 0 to 5 {
      %12 = affine.apply affine_map<(d0, d1) -> (d0 * 2 + d1)>(%arg3, %arg6)
      %13 = affine.apply affine_map<(d0, d1) -> (d0 * 2 + d1)>(%arg4, %arg7)
      %14 = affine.load %alloc_9[%arg1, %arg5, %12, %13] : memref<1x6x14x14xf32>
      %15 = affine.load %2[%arg2, %arg5, %arg6, %arg7] : memref<16x6x5x5xf32>
      %16 = affine.load %alloc_11[%arg1, %arg2, %arg3, %arg4] : memref<1x16x5x5xf32>
      %17 = arith.mulf %14, %15 : f32
      %18 = arith.addf %16, %17 : f32
      affine.store %18, %alloc_11[%arg1, %arg2, %arg3, %arg4] : memref<1x16x5x5xf32>
    }
  }
} (level: 7)
140 affine.yield (level: 7)
141 affine.for %arg4 = 0 to 5 {
  affine.for %arg5 = 0 to 6 {
    affine.for %arg6 = 0 to 5 {
      affine.for %arg7 = 0 to 5 {
        %12 = affine.apply affine_map<(d0, d1) -> (d0 * 2 + d1)>(%arg3, %arg6)
        %13 = affine.apply affine_map<(d0, d1) -> (d0 * 2 + d1)>(%arg4, %arg7)
        %14 = affine.load %alloc_9[%arg1, %arg5, %12, %13] : memref<1x6x14x14xf32>
        %15 = affine.load %2[%arg2, %arg5, %arg6, %arg7] : memref<16x6x5x5xf32>
        %16 = affine.load %alloc_11[%arg1, %arg2, %arg3, %arg4] : memref<1x16x5x5xf32>
        %17 = arith.mulf %14, %15 : f32
        %18 = arith.addf %16, %17 : f32
        affine.store %18, %alloc_11[%arg1, %arg2, %arg3, %arg4] : memref<1x16x5x5xf32>
      }
    }
  }
} (level: 7)
142 affine.yield (level: 7)
143 affine.for %arg3 = 0 to 5 {
  affine.for %arg4 = 0 to 5 {
    affine.for %arg5 = 0 to 6 {
      affine.for %arg6 = 0 to 5 {
        affine.for %arg7 = 0 to 5 {
          %12 = affine.apply affine_map<(d0, d1) -> (d0 * 2 + d1)>(%arg3, %arg6)
          %13 = affine.apply affine_map<(d0, d1) -> (d0 * 2 + d1)>(%arg4, %arg7)
          %14 = affine.load %alloc_9[%arg1, %arg5, %12, %13] : memref<1x6x14x14xf32>
          %15 = affine.load %2[%arg2, %arg5, %arg6, %arg7] : memref<16x6x5x5xf32>
          %16 = affine.load %alloc_11[%arg1, %arg2, %arg3, %arg4] : memref<1x16x5x5xf32>
          %17 = arith.mulf %14, %15 : f32
          %18 = arith.addf %16, %17 : f32
          affine.store %18, %alloc_11[%arg1, %arg2, %arg3, %arg4] : memref<1x16x5x5xf32>
        }
      }
    }
  }
} (level: 7)
144 affine.yield (level: 7)
145 affine.for %arg2 = 0 to 16 {
  affine.for %arg3 = 0 to 5 {
    affine.for %arg4 = 0 to 5 {
      affine.for %arg5 = 0 to 6 {
        affine.for %arg6 = 0 to 5 {
          affine.for %arg7 = 0 to 5 {
            %12 = affine.apply affine_map<(d0, d1) -> (d0 * 2 + d1)>(%arg3, %arg6)
            %13 = affine.apply affine_map<(d0, d1) -> (d0 * 2 + d1)>(%arg4, %arg7)
            %14 = affine.load %alloc_9[%arg1, %arg5, %12, %13] : memref<1x6x14x14xf32>
            %15 = affine.load %2[%arg2, %arg5, %arg6, %arg7] : memref<16x6x5x5xf32>
            %16 = affine.load %alloc_11[%arg1, %arg2, %arg3, %arg4] : memref<1x16x5x5xf32>
            %17 = arith.mulf %14, %15 : f32
            %18 = arith.addf %16, %17 : f32
            affine.store %18, %alloc_11[%arg1, %arg2, %arg3, %arg4] : memref<1x16x5x5xf32>
          }
        }
      }
    }
  }
} (level: 7)
146 affine.yield (level: 7)
147 affine.for %arg1 = 0 to 1 {
  affine.for %arg2 = 0 to 16 {
    affine.for %arg3 = 0 to 5 {
      affine.for %arg4 = 0 to 5 {
        affine.for %arg5 = 0 to 6 {
          affine.for %arg6 = 0 to 5 {
            affine.for %arg7 = 0 to 5 {
              %12 = affine.apply affine_map<(d0, d1) -> (d0 * 2 + d1)>(%arg3, %arg6)
              %13 = affine.apply affine_map<(d0, d1) -> (d0 * 2 + d1)>(%arg4, %arg7)
              %14 = affine.load %alloc_9[%arg1, %arg5, %12, %13] : memref<1x6x14x14xf32>
              %15 = affine.load %2[%arg2, %arg5, %arg6, %arg7] : memref<16x6x5x5xf32>
              %16 = affine.load %alloc_11[%arg1, %arg2, %arg3, %arg4] : memref<1x16x5x5xf32>
              %17 = arith.mulf %14, %15 : f32
              %18 = arith.addf %16, %17 : f32
              affine.store %18, %alloc_11[%arg1, %arg2, %arg3, %arg4] : memref<1x16x5x5xf32>
            }
          }
        }
      }
    }
  }
} {neura.fan_avg = 0.33333333331746029 : f64, neura.i_arith = 0.49999999987499999 : f64, neura.l_depth = 6 : i32, neura.op_count = 21 : i64, neura.placement_x = 0 : i32, neura.placement_y = 0 : i32, neura.r_affine = 0.99999999974999997 : f64, neura.r_vec = 0.000000e+00 : f64, neura.rec_mii = 1.000000e+00 : f64, neura.s_buffer = 127232 : i64, neura.streaming_succs = [5 : i32], neura.task_id = 4 : i32, neura.v_live_out = 32 : i64} (level: 7)
148 affine.yield (level: 7)
149 affine.for %arg4 = 0 to 5 {
  %12 = affine.load %alloc_11[%c0, %arg2, %arg3, %arg4] : memref<1x16x5x5xf32>
  %13 = arith.cmpf ugt, %12, %cst_6 : f32
  %14 = arith.select %13, %12, %cst_6 : f32
  affine.store %14, %alloc_12[%arg1, %arg2, %arg3, %arg4] : memref<1x16x5x5xf32>
} (level: 7)
150 affine.yield (level: 7)
151 affine.for %arg3 = 0 to 5 {
  affine.for %arg4 = 0 to 5 {
    %12 = affine.load %alloc_11[%c0, %arg2, %arg3, %arg4] : memref<1x16x5x5xf32>
    %13 = arith.cmpf ugt, %12, %cst_6 : f32
    %14 = arith.select %13, %12, %cst_6 : f32
    affine.store %14, %alloc_12[%arg1, %arg2, %arg3, %arg4] : memref<1x16x5x5xf32>
  }
} (level: 7)
152 affine.yield (level: 7)
153 affine.for %arg2 = 0 to 16 {
  affine.for %arg3 = 0 to 5 {
    affine.for %arg4 = 0 to 5 {
      %12 = affine.load %alloc_11[%c0, %arg2, %arg3, %arg4] : memref<1x16x5x5xf32>
      %13 = arith.cmpf ugt, %12, %cst_6 : f32
      %14 = arith.select %13, %12, %cst_6 : f32
      affine.store %14, %alloc_12[%arg1, %arg2, %arg3, %arg4] : memref<1x16x5x5xf32>
    }
  }
} (level: 7)
154 affine.yield (level: 7)
155 affine.for %arg1 = 0 to 1 {
  affine.for %arg2 = 0 to 16 {
    affine.for %arg3 = 0 to 5 {
      affine.for %arg4 = 0 to 5 {
        %12 = affine.load %alloc_11[%c0, %arg2, %arg3, %arg4] : memref<1x16x5x5xf32>
        %13 = arith.cmpf ugt, %12, %cst_6 : f32
        %14 = arith.select %13, %12, %cst_6 : f32
        affine.store %14, %alloc_12[%arg1, %arg2, %arg3, %arg4] : memref<1x16x5x5xf32>
      }
    }
  }
} {neura.fan_avg = 0.36363636360330576 : f64, neura.i_arith = 0.99999999949999996 : f64, neura.l_depth = 3 : i32, neura.op_count = 11 : i64, neura.placement_x = 0 : i32, neura.placement_y = 0 : i32, neura.r_affine = 0.99999999949999996 : f64, neura.r_vec = 0.000000e+00 : f64, neura.rec_mii = 1.000000e+00 : f64, neura.s_buffer = 25600 : i64, neura.task_id = 5 : i32, neura.v_live_out = 32 : i64} (level: 7)
156 affine.yield (level: 7)
157 affine.for %arg2 = 0 to 400 {
  %12 = affine.load %3[%arg1, %arg2] : memref<120x400xf32>
  affine.store %12, %alloc_13[%arg2, %arg1] : memref<400x120xf32>
} (level: 7)
158 affine.yield (level: 7)
159 affine.for %arg1 = 0 to 120 {
  affine.for %arg2 = 0 to 400 {
    %12 = affine.load %3[%arg1, %arg2] : memref<120x400xf32>
    affine.store %12, %alloc_13[%arg2, %arg1] : memref<400x120xf32>
  }
} {neura.fan_avg = 0.19999999996000001 : f64, neura.i_arith = 0.000000e+00 : f64, neura.l_depth = 1 : i32, neura.op_count = 5 : i64, neura.placement_x = 1 : i32, neura.placement_y = 0 : i32, neura.r_affine = 0.99999999949999996 : f64, neura.r_vec = 0.000000e+00 : f64, neura.rec_mii = 1.000000e+00 : f64, neura.s_buffer = 3072000 : i64, neura.streaming_succs = [8 : i32], neura.task_id = 6 : i32, neura.v_live_out = 32 : i64} (level: 7)
160 affine.yield (level: 7)
161 affine.for %arg2 = 0 to 120 {
  affine.store %cst_6, %alloc_14[%arg1, %arg2] : memref<1x120xf32>
} (level: 7)
162 affine.yield (level: 7)
163 affine.for %arg1 = 0 to 1 {
  affine.for %arg2 = 0 to 120 {
    affine.store %cst_6, %alloc_14[%arg1, %arg2] : memref<1x120xf32>
  }
} {neura.fan_avg = 0.000000e+00 : f64, neura.i_arith = 0.000000e+00 : f64, neura.l_depth = 1 : i32, neura.op_count = 4 : i64, neura.placement_x = 0 : i32, neura.placement_y = 1 : i32, neura.r_affine = 0.99999999899999991 : f64, neura.r_vec = 0.000000e+00 : f64, neura.rec_mii = 1.000000e+00 : f64, neura.s_buffer = 3840 : i64, neura.task_id = 7 : i32, neura.v_live_out = 32 : i64} (level: 7)
164 affine.yield (level: 7)
165 affine.for %arg3 = 0 to 400 {
  %12 = affine.load %10[%arg1, %arg3] : memref<1x400xf32>
  %13 = affine.load %alloc_13[%arg3, %arg2] : memref<400x120xf32>
  %14 = affine.load %alloc_15[%arg1, %arg2] : memref<1x120xf32>
  %15 = arith.mulf %12, %13 : f32
  %16 = arith.addf %14, %15 : f32
  affine.store %16, %alloc_15[%arg1, %arg2] : memref<1x120xf32>
} (level: 7)
166 affine.yield (level: 7)
167 affine.for %arg2 = 0 to 120 {
  affine.for %arg3 = 0 to 400 {
    %12 = affine.load %10[%arg1, %arg3] : memref<1x400xf32>
    %13 = affine.load %alloc_13[%arg3, %arg2] : memref<400x120xf32>
    %14 = affine.load %alloc_15[%arg1, %arg2] : memref<1x120xf32>
    %15 = arith.mulf %12, %13 : f32
    %16 = arith.addf %14, %15 : f32
    affine.store %16, %alloc_15[%arg1, %arg2] : memref<1x120xf32>
  }
} (level: 7)
168 affine.yield (level: 7)
169 affine.for %arg1 = 0 to 1 {
  affine.for %arg2 = 0 to 120 {
    affine.for %arg3 = 0 to 400 {
      %12 = affine.load %10[%arg1, %arg3] : memref<1x400xf32>
      %13 = affine.load %alloc_13[%arg3, %arg2] : memref<400x120xf32>
      %14 = affine.load %alloc_15[%arg1, %arg2] : memref<1x120xf32>
      %15 = arith.mulf %12, %13 : f32
      %16 = arith.addf %14, %15 : f32
      affine.store %16, %alloc_15[%arg1, %arg2] : memref<1x120xf32>
    }
  }
} {neura.fan_avg = 0.45454545450413225 : f64, neura.i_arith = 0.49999999987499999 : f64, neura.l_depth = 2 : i32, neura.op_count = 11 : i64, neura.placement_x = 1 : i32, neura.placement_y = 0 : i32, neura.r_affine = 0.99999999974999997 : f64, neura.r_vec = 0.000000e+00 : f64, neura.rec_mii = 1.000000e+00 : f64, neura.s_buffer = 1552640 : i64, neura.streaming_succs = [9 : i32], neura.task_id = 8 : i32, neura.v_live_out = 32 : i64} (level: 7)
170 affine.yield (level: 7)
171 affine.for %arg2 = 0 to 120 {
  %12 = affine.load %alloc_15[%c0, %arg2] : memref<1x120xf32>
  %13 = affine.load %4[%arg2] : memref<120xf32>
  %14 = arith.addf %12, %13 : f32
  affine.store %14, %alloc_16[%arg1, %arg2] : memref<1x120xf32>
} (level: 7)
172 affine.yield (level: 7)
173 affine.for %arg1 = 0 to 1 {
  affine.for %arg2 = 0 to 120 {
    %12 = affine.load %alloc_15[%c0, %arg2] : memref<1x120xf32>
    %13 = affine.load %4[%arg2] : memref<120xf32>
    %14 = arith.addf %12, %13 : f32
    affine.store %14, %alloc_16[%arg1, %arg2] : memref<1x120xf32>
  }
} {neura.fan_avg = 0.42857142851020408 : f64, neura.i_arith = 0.33333333322222219 : f64, neura.l_depth = 1 : i32, neura.op_count = 7 : i64, neura.placement_x = 1 : i32, neura.placement_y = 0 : i32, neura.r_affine = 0.99999999966666663 : f64, neura.r_vec = 0.000000e+00 : f64, neura.rec_mii = 1.000000e+00 : f64, neura.s_buffer = 11520 : i64, neura.streaming_succs = [10 : i32], neura.task_id = 9 : i32, neura.v_live_out = 32 : i64} (level: 7)
174 affine.yield (level: 7)
175 affine.for %arg2 = 0 to 120 {
  %12 = affine.load %alloc_16[%c0, %arg2] : memref<1x120xf32>
  %13 = arith.cmpf ugt, %12, %cst_6 : f32
  %14 = arith.select %13, %12, %cst_6 : f32
  affine.store %14, %alloc_17[%arg1, %arg2] : memref<1x120xf32>
} (level: 7)
176 affine.yield (level: 7)
177 affine.for %arg1 = 0 to 1 {
  affine.for %arg2 = 0 to 120 {
    %12 = affine.load %alloc_16[%c0, %arg2] : memref<1x120xf32>
    %13 = arith.cmpf ugt, %12, %cst_6 : f32
    %14 = arith.select %13, %12, %cst_6 : f32
    affine.store %14, %alloc_17[%arg1, %arg2] : memref<1x120xf32>
  }
} {neura.fan_avg = 0.57142857134693881 : f64, neura.i_arith = 0.99999999949999996 : f64, neura.l_depth = 1 : i32, neura.op_count = 7 : i64, neura.placement_x = 1 : i32, neura.placement_y = 0 : i32, neura.r_affine = 0.99999999949999996 : f64, neura.r_vec = 0.000000e+00 : f64, neura.rec_mii = 1.000000e+00 : f64, neura.s_buffer = 7680 : i64, neura.streaming_succs = [13 : i32], neura.task_id = 10 : i32, neura.v_live_out = 32 : i64} (level: 7)
178 affine.yield (level: 7)
179 affine.for %arg2 = 0 to 120 {
  %12 = affine.load %5[%arg1, %arg2] : memref<84x120xf32>
  affine.store %12, %alloc_18[%arg2, %arg1] : memref<120x84xf32>
} (level: 7)
180 affine.yield (level: 7)
181 affine.for %arg1 = 0 to 84 {
  affine.for %arg2 = 0 to 120 {
    %12 = affine.load %5[%arg1, %arg2] : memref<84x120xf32>
    affine.store %12, %alloc_18[%arg2, %arg1] : memref<120x84xf32>
  }
} {neura.fan_avg = 0.19999999996000001 : f64, neura.i_arith = 0.000000e+00 : f64, neura.l_depth = 1 : i32, neura.op_count = 5 : i64, neura.placement_x = 1 : i32, neura.placement_y = 0 : i32, neura.r_affine = 0.99999999949999996 : f64, neura.r_vec = 0.000000e+00 : f64, neura.rec_mii = 1.000000e+00 : f64, neura.s_buffer = 645120 : i64, neura.streaming_succs = [13 : i32], neura.task_id = 11 : i32, neura.v_live_out = 32 : i64} (level: 7)
182 affine.yield (level: 7)
183 affine.for %arg2 = 0 to 84 {
  affine.store %cst_6, %alloc_19[%arg1, %arg2] : memref<1x84xf32>
} (level: 7)
184 affine.yield (level: 7)
185 affine.for %arg1 = 0 to 1 {
  affine.for %arg2 = 0 to 84 {
    affine.store %cst_6, %alloc_19[%arg1, %arg2] : memref<1x84xf32>
  }
} {neura.fan_avg = 0.000000e+00 : f64, neura.i_arith = 0.000000e+00 : f64, neura.l_depth = 1 : i32, neura.op_count = 4 : i64, neura.placement_x = 1 : i32, neura.placement_y = 1 : i32, neura.r_affine = 0.99999999899999991 : f64, neura.r_vec = 0.000000e+00 : f64, neura.rec_mii = 1.000000e+00 : f64, neura.s_buffer = 2688 : i64, neura.task_id = 12 : i32, neura.v_live_out = 32 : i64} (level: 7)
186 affine.yield (level: 7)
187 affine.for %arg3 = 0 to 120 {
  %12 = affine.load %alloc_17[%arg1, %arg3] : memref<1x120xf32>
  %13 = affine.load %alloc_18[%arg3, %arg2] : memref<120x84xf32>
  %14 = affine.load %alloc_20[%arg1, %arg2] : memref<1x84xf32>
  %15 = arith.mulf %12, %13 : f32
  %16 = arith.addf %14, %15 : f32
  affine.store %16, %alloc_20[%arg1, %arg2] : memref<1x84xf32>
} (level: 7)
188 affine.yield (level: 7)
189 affine.for %arg2 = 0 to 84 {
  affine.for %arg3 = 0 to 120 {
    %12 = affine.load %alloc_17[%arg1, %arg3] : memref<1x120xf32>
    %13 = affine.load %alloc_18[%arg3, %arg2] : memref<120x84xf32>
    %14 = affine.load %alloc_20[%arg1, %arg2] : memref<1x84xf32>
    %15 = arith.mulf %12, %13 : f32
    %16 = arith.addf %14, %15 : f32
    affine.store %16, %alloc_20[%arg1, %arg2] : memref<1x84xf32>
  }
} (level: 7)
190 affine.yield (level: 7)
191 affine.for %arg1 = 0 to 1 {
  affine.for %arg2 = 0 to 84 {
    affine.for %arg3 = 0 to 120 {
      %12 = affine.load %alloc_17[%arg1, %arg3] : memref<1x120xf32>
      %13 = affine.load %alloc_18[%arg3, %arg2] : memref<120x84xf32>
      %14 = affine.load %alloc_20[%arg1, %arg2] : memref<1x84xf32>
      %15 = arith.mulf %12, %13 : f32
      %16 = arith.addf %14, %15 : f32
      affine.store %16, %alloc_20[%arg1, %arg2] : memref<1x84xf32>
    }
  }
} {neura.fan_avg = 0.45454545450413225 : f64, neura.i_arith = 0.49999999987499999 : f64, neura.l_depth = 2 : i32, neura.op_count = 11 : i64, neura.placement_x = 1 : i32, neura.placement_y = 0 : i32, neura.r_affine = 0.99999999974999997 : f64, neura.r_vec = 0.000000e+00 : f64, neura.rec_mii = 1.000000e+00 : f64, neura.s_buffer = 329088 : i64, neura.streaming_succs = [14 : i32], neura.task_id = 13 : i32, neura.v_live_out = 32 : i64} (level: 7)
192 affine.yield (level: 7)
193 affine.for %arg2 = 0 to 84 {
  %12 = affine.load %alloc_20[%c0, %arg2] : memref<1x84xf32>
  %13 = affine.load %6[%arg2] : memref<84xf32>
  %14 = arith.addf %12, %13 : f32
  affine.store %14, %alloc_21[%arg1, %arg2] : memref<1x84xf32>
} (level: 7)
194 affine.yield (level: 7)
195 affine.for %arg1 = 0 to 1 {
  affine.for %arg2 = 0 to 84 {
    %12 = affine.load %alloc_20[%c0, %arg2] : memref<1x84xf32>
    %13 = affine.load %6[%arg2] : memref<84xf32>
    %14 = arith.addf %12, %13 : f32
    affine.store %14, %alloc_21[%arg1, %arg2] : memref<1x84xf32>
  }
} {neura.fan_avg = 0.42857142851020408 : f64, neura.i_arith = 0.33333333322222219 : f64, neura.l_depth = 1 : i32, neura.op_count = 7 : i64, neura.placement_x = 1 : i32, neura.placement_y = 0 : i32, neura.r_affine = 0.99999999966666663 : f64, neura.r_vec = 0.000000e+00 : f64, neura.rec_mii = 1.000000e+00 : f64, neura.s_buffer = 8064 : i64, neura.streaming_succs = [15 : i32], neura.task_id = 14 : i32, neura.v_live_out = 32 : i64} (level: 7)
196 affine.yield (level: 7)
197 affine.for %arg2 = 0 to 84 {
  %12 = affine.load %alloc_21[%c0, %arg2] : memref<1x84xf32>
  %13 = arith.cmpf ugt, %12, %cst_6 : f32
  %14 = arith.select %13, %12, %cst_6 : f32
  affine.store %14, %alloc_22[%arg1, %arg2] : memref<1x84xf32>
} (level: 7)
198 affine.yield (level: 7)
199 affine.for %arg1 = 0 to 1 {
  affine.for %arg2 = 0 to 84 {
    %12 = affine.load %alloc_21[%c0, %arg2] : memref<1x84xf32>
    %13 = arith.cmpf ugt, %12, %cst_6 : f32
    %14 = arith.select %13, %12, %cst_6 : f32
    affine.store %14, %alloc_22[%arg1, %arg2] : memref<1x84xf32>
  }
} {neura.fan_avg = 0.57142857134693881 : f64, neura.i_arith = 0.99999999949999996 : f64, neura.l_depth = 1 : i32, neura.op_count = 7 : i64, neura.placement_x = 1 : i32, neura.placement_y = 0 : i32, neura.r_affine = 0.99999999949999996 : f64, neura.r_vec = 0.000000e+00 : f64, neura.rec_mii = 1.000000e+00 : f64, neura.s_buffer = 5376 : i64, neura.streaming_succs = [18 : i32], neura.task_id = 15 : i32, neura.v_live_out = 32 : i64} (level: 7)
200 affine.yield (level: 7)
201 affine.for %arg2 = 0 to 84 {
  %12 = affine.load %7[%arg1, %arg2] : memref<10x84xf32>
  affine.store %12, %alloc_23[%arg2, %arg1] : memref<84x10xf32>
} (level: 7)
202 affine.yield (level: 7)
203 affine.for %arg1 = 0 to 10 {
  affine.for %arg2 = 0 to 84 {
    %12 = affine.load %7[%arg1, %arg2] : memref<10x84xf32>
    affine.store %12, %alloc_23[%arg2, %arg1] : memref<84x10xf32>
  }
} {neura.fan_avg = 0.19999999996000001 : f64, neura.i_arith = 0.000000e+00 : f64, neura.l_depth = 1 : i32, neura.op_count = 5 : i64, neura.placement_x = 0 : i32, neura.placement_y = 0 : i32, neura.r_affine = 0.99999999949999996 : f64, neura.r_vec = 0.000000e+00 : f64, neura.rec_mii = 1.000000e+00 : f64, neura.s_buffer = 53760 : i64, neura.streaming_succs = [18 : i32], neura.task_id = 16 : i32, neura.v_live_out = 32 : i64} (level: 7)
204 affine.yield (level: 7)
205 affine.for %arg2 = 0 to 10 {
  affine.store %cst_6, %alloc_24[%arg1, %arg2] : memref<1x10xf32>
} (level: 7)
206 affine.yield (level: 7)
207 affine.for %arg1 = 0 to 1 {
  affine.for %arg2 = 0 to 10 {
    affine.store %cst_6, %alloc_24[%arg1, %arg2] : memref<1x10xf32>
  }
} {neura.fan_avg = 0.000000e+00 : f64, neura.i_arith = 0.000000e+00 : f64, neura.l_depth = 1 : i32, neura.op_count = 4 : i64, neura.placement_x = 2 : i32, neura.placement_y = 1 : i32, neura.r_affine = 0.99999999899999991 : f64, neura.r_vec = 0.000000e+00 : f64, neura.rec_mii = 1.000000e+00 : f64, neura.s_buffer = 320 : i64, neura.task_id = 17 : i32, neura.v_live_out = 32 : i64} (level: 7)
208 affine.yield (level: 7)
209 affine.for %arg3 = 0 to 84 {
  %12 = affine.load %alloc_22[%arg1, %arg3] : memref<1x84xf32>
  %13 = affine.load %alloc_23[%arg3, %arg2] : memref<84x10xf32>
  %14 = affine.load %alloc_25[%arg1, %arg2] : memref<1x10xf32>
  %15 = arith.mulf %12, %13 : f32
  %16 = arith.addf %14, %15 : f32
  affine.store %16, %alloc_25[%arg1, %arg2] : memref<1x10xf32>
} (level: 7)
210 affine.yield (level: 7)
211 affine.for %arg2 = 0 to 10 {
  affine.for %arg3 = 0 to 84 {
    %12 = affine.load %alloc_22[%arg1, %arg3] : memref<1x84xf32>
    %13 = affine.load %alloc_23[%arg3, %arg2] : memref<84x10xf32>
    %14 = affine.load %alloc_25[%arg1, %arg2] : memref<1x10xf32>
    %15 = arith.mulf %12, %13 : f32
    %16 = arith.addf %14, %15 : f32
    affine.store %16, %alloc_25[%arg1, %arg2] : memref<1x10xf32>
  }
} (level: 7)
212 affine.yield (level: 7)
213 affine.for %arg1 = 0 to 1 {
  affine.for %arg2 = 0 to 10 {
    affine.for %arg3 = 0 to 84 {
      %12 = affine.load %alloc_22[%arg1, %arg3] : memref<1x84xf32>
      %13 = affine.load %alloc_23[%arg3, %arg2] : memref<84x10xf32>
      %14 = affine.load %alloc_25[%arg1, %arg2] : memref<1x10xf32>
      %15 = arith.mulf %12, %13 : f32
      %16 = arith.addf %14, %15 : f32
      affine.store %16, %alloc_25[%arg1, %arg2] : memref<1x10xf32>
    }
  }
} {neura.fan_avg = 0.45454545450413225 : f64, neura.i_arith = 0.49999999987499999 : f64, neura.l_depth = 2 : i32, neura.op_count = 11 : i64, neura.placement_x = 0 : i32, neura.placement_y = 0 : i32, neura.r_affine = 0.99999999974999997 : f64, neura.r_vec = 0.000000e+00 : f64, neura.rec_mii = 1.000000e+00 : f64, neura.s_buffer = 29888 : i64, neura.streaming_succs = [19 : i32], neura.task_id = 18 : i32, neura.v_live_out = 32 : i64} (level: 7)
214 affine.yield (level: 7)
215 affine.for %arg2 = 0 to 10 {
  %12 = affine.load %alloc_25[%c0, %arg2] : memref<1x10xf32>
  %13 = affine.load %8[%arg2] : memref<10xf32>
  %14 = arith.addf %12, %13 : f32
  affine.store %14, %alloc_26[%arg1, %arg2] : memref<1x10xf32>
} (level: 7)
216 affine.yield (level: 7)
217 affine.for %arg1 = 0 to 1 {
  affine.for %arg2 = 0 to 10 {
    %12 = affine.load %alloc_25[%c0, %arg2] : memref<1x10xf32>
    %13 = affine.load %8[%arg2] : memref<10xf32>
    %14 = arith.addf %12, %13 : f32
    affine.store %14, %alloc_26[%arg1, %arg2] : memref<1x10xf32>
  }
} {neura.fan_avg = 0.42857142851020408 : f64, neura.i_arith = 0.33333333322222219 : f64, neura.l_depth = 1 : i32, neura.op_count = 7 : i64, neura.placement_x = 0 : i32, neura.placement_y = 0 : i32, neura.r_affine = 0.99999999966666663 : f64, neura.r_vec = 0.000000e+00 : f64, neura.rec_mii = 1.000000e+00 : f64, neura.s_buffer = 960 : i64, neura.task_id = 19 : i32, neura.v_live_out = 32 : i64} (level: 7)
218 affine.store %cst_6, %alloc[%arg1, %arg2, %arg3, %arg4] : memref<1x6x14x14xf32> (level: 7)
219 memref.copy %alloc, %alloc_8 : memref<1x6x14x14xf32> to memref<1x[calculateAward] Operation: %alloc_12 = memref.alloc() {alignment = 64 : i64} : memref<1x16x5x5xf32>; Producers: 0
[DEBUG] Schedule op %alloc_12 = memref.alloc() {alignment = 64 : i64} : memref<1x16x5x5xf32> onto loc: tile#9 @t=0
[calculateAward] Operation: %9 = bufferization.to_tensor %alloc_12 : memref<1x16x5x5xf32> to tensor<1x16x5x5xf32>; Producers: 1
[DEBUG] Schedule op %9 = bufferization.to_tensor %alloc_12 : memref<1x16x5x5xf32> to tensor<1x16x5x5xf32> onto loc: tile#5 @t=1
Processing operand: %alloc_12 = memref.alloc() {alignment = 64 : i64} : memref<1x16x5x5xf32>
[calculateAward] Operation: %cst_5 = arith.constant dense_resource<torch_tensor_16_6_5_5_torch.float32> : tensor<16x6x5x5xf32>; Producers: 0
[DEBUG] Schedule op %cst_5 = arith.constant dense_resource<torch_tensor_16_6_5_5_torch.float32> : tensor<16x6x5x5xf32> onto loc: tile#9 @t=2
[calculateAward] Operation: %cst_7 = arith.constant dense_resource<torch_tensor_6_3_5_5_torch.float32> : tensor<6x3x5x5xf32>; Producers: 0
[DEBUG] Schedule op %cst_7 = arith.constant dense_resource<torch_tensor_6_3_5_5_torch.float32> : tensor<6x3x5x5xf32> onto loc: tile#0 @t=2
[calculateAward] Operation: %collapsed = tensor.collapse_shape %9 [[0], [1, 2, 3]] : tensor<1x16x5x5xf32> into tensor<1x400xf32>; Producers: 1
[DEBUG] Schedule op %collapsed = tensor.collapse_shape %9 [[0], [1, 2, 3]] : tensor<1x16x5x5xf32> into tensor<1x400xf32> onto loc: tile#6 @t=2
Processing operand: %9 = bufferization.to_tensor %alloc_12 : memref<1x16x5x5xf32> to tensor<1x16x5x5xf32>
[calculateAward] Operation: %c0 = arith.constant 0 : index; Producers: 0
[DEBUG] Schedule op %c0 = arith.constant 0 : index onto loc: tile#1 @t=3
[calculateAward] Operation: %cst = arith.constant dense_resource<torch_tensor_10_torch.float32> : tensor<10xf32>; Producers: 0
6x14x14xf32> (level: 7)
220 affine.store %cst_6, %alloc_10[%arg1, %arg2, %arg3, %arg4] : memref<1x16x5x5xf32> (level: 7)
221 memref.copy %alloc_10, %alloc_11 : memref<1x16x5x5xf32> to memref<1x16x5x5xf32> (level: 7)
222 affine.store %cst_6, %alloc_14[%arg1, %arg2] : memref<1x120xf32> (level: 7)
223 memref.copy %alloc_14, %alloc_15 : memref<1x120xf32> to memref<1x120xf32> (level: 7)
224 affine.store %cst_6, %alloc_19[%arg1, %arg2] : memref<1x84xf32> (level: 7)
225 memref.copy %alloc_19, %alloc_20 : memref<1x84xf32> to memref<1x84xf32> (level: 7)
226 affine.store %cst_6, %alloc_24[%arg1, %arg2] : memref<1x10xf32> (level: 7)
227 memref.copy %alloc_24, %alloc_25 : memref<1x10xf32> to memref<1x10xf32> (level: 7)
228 func.return %11 : tensor<1x10xf32> (level: 7)
229 affine.store %12, %alloc_23[%arg2, %arg1] : memref<84x10xf32> (level: 7)
230 affine.store %12, %alloc_18[%arg2, %arg1] : memref<120x84xf32> (level: 7)
231 affine.store %12, %alloc_13[%arg2, %arg1] : memref<400x120xf32> (level: 7)
232 affine.store %14, %alloc_26[%arg1, %arg2] : memref<1x10xf32> (level: 7)
233 affine.store %14, %alloc_21[%arg1, %arg2] : memref<1x84xf32> (level: 7)
234 affine.store %14, %alloc_16[%arg1, %arg2] : memref<1x120xf32> (level: 7)
235 affine.store %14, %alloc_9[%arg1, %arg2, %arg3, %arg4] : memref<1x6x14x14xf32> (level: 7)
236 affine.store %14, %alloc_12[%arg1, %arg2, %arg3, %arg4] : memref<1x16x5x5xf32> (level: 7)
237 affine.store %14, %alloc_17[%arg1, %arg2] : memref<1x120xf32> (level: 7)
238 affine.store %16, %alloc_20[%arg1, %arg2] : memref<1x84xf32> (level: 7)
239 affine.store %14, %alloc_22[%arg1, %arg2] : memref<1x84xf32> (level: 7)
240 affine.store %16, %alloc_25[%arg1, %arg2] : memref<1x10xf32> (level: 7)
241 affine.store %18, %alloc_11[%arg1, %arg2, %arg3, %arg4] : memref<1x16x5x5xf32> (level: 7)
242 affine.store %18, %alloc_8[%arg1, %arg2, %arg3, %arg4] : memref<1x6x14x14xf32> (level: 7)
243 affine.store %16, %alloc_15[%arg1, %arg2] : memref<1x120xf32> (level: 7)
[HeuristicMapping] Found 256 candidate locations for operation: %alloc_12 = memref.alloc() {alignment = 64 : i64} : memref<1x16x5x5xf32>
[HeuristicMapping] Trying candidate 1/5 at tile#9 @t=0
[HeuristicMapping] Successfully mapped operation %alloc_12 = memref.alloc() {alignment = 64 : i64} : memref<1x16x5x5xf32>
[HeuristicMapping] Found 238 candidate locations for operation: %9 = bufferization.to_tensor %alloc_12 : memref<1x16x5x5xf32> to tensor<1x16x5x5xf32>
[HeuristicMapping] Trying candidate 1/5 at tile#5 @t=1
[HeuristicMapping] Successfully mapped operation %9 = bufferization.to_tensor %alloc_12 : memref<1x16x5x5xf32> to tensor<1x16x5x5xf32>
[HeuristicMapping] Found 254 candidate locations for operation: %cst_5 = arith.constant dense_resource<torch_tensor_16_6_5_5_torch.float32> : tensor<16x6x5x5xf32>
[HeuristicMapping] Trying candidate 1/5 at tile#9 @t=2
[HeuristicMapping] Successfully mapped operation %cst_5 = arith.constant dense_resource<torch_tensor_16_6_5_5_torch.float32> : tensor<16x6x5x5xf32>
[HeuristicMapping] Found 253 candidate locations for operation: %cst_7 = arith.constant dense_resource<torch_tensor_6_3_5_5_torch.float32> : tensor<6x3x5x5xf32>
[HeuristicMapping] Trying candidate 1/5 at tile#0 @t=2
[HeuristicMapping] Successfully mapped operation %cst_7 = arith.constant dense_resource<torch_tensor_6_3_5_5_torch.float32> : tensor<6x3x5x5xf32>
[HeuristicMapping] Found 236 candidate locations for operation: %collapsed = tensor.collapse_shape %9 [[0], [1, 2, 3]] : tensor<1x16x5x5xf32> into tensor<1x400xf32>
[HeuristicMapping] Trying candidate 1/5 at tile#6 @t=2
[HeuristicMapping] Successfully mapped operation %collapsed = tensor.collapse_shape %9 [[0], [1, 2, 3]] : tensor<1x16x5x5xf32> into tensor<1x400xf32>
[HeuristicMapping] Found 251 candidate locations for operation: %c0 = arith.constant 0 : index
[HeuristicMapping] Trying candidate 1/5 at tile#1 @t=3
[HeuristicMapping] Successfully mapped operation %c0 = arith.constant 0 : index
[HeuristicMapping] Found 250 candidate locations for operation: %cst = arith.constant dense_resource<torch_tensor_10_torch.flo[DEBUG] Schedule op %cst = arith.constant dense_resource<torch_tensor_10_torch.float32> : tensor<10xf32> onto loc: tile#9 @t=3
[calculateAward] Operation: %cst_1 = arith.constant dense_resource<torch_tensor_84_torch.float32> : tensor<84xf32>; Producers: 0
[DEBUG] Schedule op %cst_1 = arith.constant dense_resource<torch_tensor_84_torch.float32> : tensor<84xf32> onto loc: tile#0 @t=3
[calculateAward] Operation: %cst_3 = arith.constant dense_resource<torch_tensor_120_torch.float32> : tensor<120xf32>; Producers: 0
[DEBUG] Schedule op %cst_3 = arith.constant dense_resource<torch_tensor_120_torch.float32> : tensor<120xf32> onto loc: tile#3 @t=3
PLEASE submit a bug report to https://github.com/llvm/llvm-project/issues/ and include the crash backtrace.
Stack dump:
0.	Program arguments: ../../build/tools/mlir-neura-opt/mlir-neura-opt lenet_fusion.mlir --assign-accelerator --map-to-accelerator --insert-data-mov --generate-code -o lenet_final.mlir
 #0 0x000055bbe42cab77 llvm::sys::PrintStackTrace(llvm::raw_ostream&, int) (../../build/tools/mlir-neura-opt/mlir-neura-opt+0x2f87b77)
 #1 0x000055bbe42c85ee llvm::sys::RunSignalHandlers() (../../build/tools/mlir-neura-opt/mlir-neura-opt+0x2f855ee)
 #2 0x000055bbe42cb22f SignalHandler(int) (../../build/tools/mlir-neura-opt/mlir-neura-opt+0x2f8822f)
 #3 0x00007fdade7b2420 __restore_rt (/lib/x86_64-linux-gnu/libpthread.so.0+0x14420)
 #4 0x000055bbe166b392 mlir::Operation::getName() /home/juno/workspace/llvm-project/mlir/include/mlir/IR/Operation.h:119:36
 #5 0x000055bbe166b3c3 mlir::Operation::getRegisteredInfo() /home/juno/workspace/llvm-project/mlir/include/mlir/IR/Operation.h:124:20
 #6 0x000055bbe2a11608 mlir::Op<mlir::neura::ReserveOp, mlir::OpTrait::ZeroRegions, mlir::OpTrait::OneResult, mlir::OpTrait::OneTypedResult<mlir::Type>::Impl, mlir::OpTrait::ZeroSuccessors, mlir::OpTrait::ZeroOperands, mlir::OpTrait::OpInvariants>::classof(mlir::Operation*) /home/juno/workspace/llvm-project/mlir/include/mlir/IR/OpDefinition.h:1691:42
 #7 0x000055bbe2a07304 llvm::CastInfo<mlir::neura::ReserveOp, mlir::Operation*, void>::isPossible(mlir::Operation*) /home/juno/workspace/llvm-project/mlir/include/mlir/IR/Operation.h:1114:74
 #8 0x000055bbe29f73af llvm::ConstStrippingForwardingCast<mlir::neura::ReserveOp, mlir::Operation const*, llvm::CastInfo<mlir::neura::ReserveOp, mlir::Operation*, void> >::isPossible(mlir::Operation const* const&) /home/juno/workspace/llvm-project/llvm/include/llvm/Support/Casting.h:397:3
 #9 0x000055bbe29e91b6 llvm::CastInfo<mlir::neura::ReserveOp, mlir::Operation* const, void>::isPossible(mlir::Operation* const&) /home/juno/workspace/llvm-project/llvm/include/llvm/Support/Casting.h:511:3
#10 0x000055bbe29dedc1 bool llvm::isa<mlir::neura::ReserveOp, mlir::Operation*>(mlir::Operation* const&) /home/juno/workspace/llvm-project/llvm/include/llvm/Support/Casting.h:550:1
#11 0x000055bbe2fcba50 mlir::neura::calculateAward(mlir::Operation*, std::set<mlir::Operation*, std::less<mlir::Operation*>, std::allocator<mlir::Operation*> >&, int, mlir::neura::Architecture const&, mlir::neura::MappingState const&) /home/juno/workspace/dataflow/lib/NeuraDialect/Mapping/mapping_util.cpp:824:5
#12 0x000055bbe2fecf90 mlir::neura::HeuristicMapping::mapWithBacktrack(std::vector<std::pair<mlir::Operation*, int>, std::allocator<std::pair<mlir::Operation*, int> > >&, std::set<mlir::Operation*, std::less<mlir::Operation*>, std::allocator<mlir::Operation*> >&, mlir::neura::Architecture const&, mlir::neura::MappingState&) (.localalias) /home/juno/workspace/dataflow/lib/NeuraDialect/Mapping/HeuristicMapping/HeuristicMapping.cpp:90:64
#13 0x000055bbe2fec85b mlir::neura::HeuristicMapping::map(std::vector<std::pair<mlir::Operation*, int>, std::allocator<std::pair<mlir::Operation*, int> > >&, std::set<mlir::Operation*, std::less<mlir::Operation*>, std::allocator<mlir::Operation*> >&, mlir::neura::Architecture const&, mlir::neura::MappingState&) (.localalias) /home/juno/workspace/dataflow/lib/NeuraDialect/Mapping/HeuristicMapping/HeuristicMapping.cpp:15:1
#14 0x000055bbe2f39b67 (anonymous namespace)::MapToAcceleratorPass::runOnOperation()::'lambda'(mlir::func::FuncOp)::operator()(mlir::func::FuncOp) const /home/juno/workspace/dataflow/lib/NeuraDialect/Transforms/MapToAcceleratorPass.cpp:614:9
#15 0x000055bbe2f426b7 _ZZN4mlir6detail4walkILNS_9WalkOrderE1ENS_15ForwardIteratorEZN12_GLOBAL__N_120MapToAcceleratorPass14runOnOperationEvEUlNS_4func6FuncOpEE_S7_vEENSt9enable_ifIXaantsrSt11disjunctionIJSt7is_sameIT2_PNS_9OperationEESB_ISC_PNS_6RegionEESB_ISC_PNS_5BlockEEEE5valuesrSB_IT3_vE5valueESN_E4typeESE_OT1_ENKUlSE_E_clESE_ /home/juno/workspace/llvm-project/mlir/include/mlir/IR/Visitors.h:336:20
#16 0x000055bbe2f45e0b _ZN4llvm12function_refIFvPN4mlir9OperationEEE11callback_fnIZNS1_6detail4walkILNS1_9WalkOrderE1ENS1_15ForwardIteratorEZN12_GLOBAL__N_120MapToAcceleratorPass14runOnOperationEvEUlNS1_4func6FuncOpEE_SE_vEENSt9enable_ifIXaantsrSt11disjunctionIJSt7is_sameIT2_S3_ESI_ISJ_PNS1_6RegionEESI_ISJ_PNS1_5BlockEEEE5valuesrSI_IT3_vE5valueESS_E4typeES3_OT1_EUlS3_E_EEvlS3_ /home/juno/workspace/llvm-project/llvm/include/llvm/ADT/STLFunctionalExtras.h:47:40
#17 0x000055bbe173fd00 void mlir::detail::walk<mlir::ForwardIterator>(mlir::Operation*, llvm::function_ref<void (mlir::Operation*)>, mlir::WalkOrder) (../../build/tools/mlir-neura-opt/mlir-neura-opt+0x3fcd00)
#18 0x000055bbe2f4272c _ZN4mlir6detail4walkILNS_9WalkOrderE1ENS_15ForwardIteratorEZN12_GLOBAL__N_120MapToAcceleratorPass14runOnOperationEvEUlNS_4func6FuncOpEE_S7_vEENSt9enable_ifIXaantsrSt11disjunctionIJSt7is_sameIT2_PNS_9OperationEESB_ISC_PNS_6RegionEESB_ISC_PNS_5BlockEEEE5valuesrSB_IT3_vE5valueESN_E4typeESE_OT1_ /home/juno/workspace/llvm-project/mlir/include/mlir/IR/Visitors.h:341:38
#19 0x000055bbe2f4030a _ZN4mlir9Operation4walkILNS_9WalkOrderE1ENS_15ForwardIteratorEZN12_GLOBAL__N_120MapToAcceleratorPass14runOnOperationEvEUlNS_4func6FuncOpEE_vEENSt9enable_ifIXeqsrN4llvm15function_traitsINSt5decayIT1_E4typeEXsrSt8is_classISF_E5valueEEE8num_argsLi1EET2_E4typeEOSD_ /home/juno/workspace/llvm-project/mlir/include/mlir/IR/Operation.h:799:75
#20 0x000055bbe2f3d5ed _ZN4mlir7OpState4walkILNS_9WalkOrderE1ENS_15ForwardIteratorEZN12_GLOBAL__N_120MapToAcceleratorPass14runOnOperationEvEUlNS_4func6FuncOpEE_vEENSt9enable_ifIXeqsrN4llvm15function_traitsINSt5decayIT1_E4typeEXsrSt8is_classISF_E5valueEEE8num_argsLi1EET2_E4typeEOSD_ /home/juno/workspace/llvm-project/mlir/include/mlir/IR/OpDefinition.h:167:3
#21 0x000055bbe2f3ae79 (anonymous namespace)::MapToAcceleratorPass::runOnOperation() /home/juno/workspace/dataflow/lib/NeuraDialect/Transforms/MapToAcceleratorPass.cpp:507:16
#22 0x000055bbe303de66 mlir::detail::OpToOpPassAdaptor::run(mlir::Pass*, mlir::Operation*, mlir::AnalysisManager, bool, unsigned int) (../../build/tools/mlir-neura-opt/mlir-neura-opt+0x1cfae66)
#23 0x000055bbe303e641 mlir::detail::OpToOpPassAdaptor::runPipeline(mlir::OpPassManager&, mlir::Operation*, mlir::AnalysisManager, bool, unsigned int, mlir::PassInstrumentor*, mlir::PassInstrumentation::PipelineParentInfo const*) (../../build/tools/mlir-neura-opt/mlir-neura-opt+0x1cfb641)
#24 0x000055bbe3040e32 mlir::PassManager::run(mlir::Operation*) (../../build/tools/mlir-neura-opt/mlir-neura-opt+0x1cfde32)
#25 0x000055bbe3039a94 performActions(llvm::raw_ostream&, std::shared_ptr<llvm::SourceMgr> const&, mlir::MLIRContext*, mlir::MlirOptMainConfig const&) (../../build/tools/mlir-neura-opt/mlir-neura-opt+0x1cf6a94)
#26 0x000055bbe30396c0 llvm::LogicalResult llvm::function_ref<llvm::LogicalResult (std::unique_ptr<llvm::MemoryBuffer, std::default_delete<llvm::MemoryBuffer> >, llvm::raw_ostream&)>::callback_fn<mlir::MlirOptMain(llvm::raw_ostream&, std::unique_ptr<llvm::MemoryBuffer, std::default_delete<llvm::MemoryBuffer> >, mlir::DialectRegistry&, mlir::MlirOptMainConfig const&)::$_2>(long, std::unique_ptr<llvm::MemoryBuffer, std::default_delete<llvm::MemoryBuffer> >, llvm::raw_ostream&) (../../build/tools/mlir-neura-opt/mlir-neura-opt+0x1cf66c0)
#27 0x000055bbe3188e86 mlir::splitAndProcessBuffer(std::unique_ptr<llvm::MemoryBuffer, std::default_delete<llvm::MemoryBuffer> >, llvm::function_ref<llvm::LogicalResult (std::unique_ptr<llvm::MemoryBuffer, std::default_delete<llvm::MemoryBuffer> >, llvm::raw_ostream&)>, llvm::raw_ostream&, llvm::StringRef, llvm::StringRef) (../../build/tools/mlir-neura-opt/mlir-neura-opt+0x1e45e86)
#28 0x000055bbe3032a51 mlir::MlirOptMain(llvm::raw_ostream&, std::unique_ptr<llvm::MemoryBuffer, std::default_delete<llvm::MemoryBuffer> >, mlir::DialectRegistry&, mlir::MlirOptMainConfig const&) (../../build/tools/mlir-neura-opt/mlir-neura-opt+0x1cefa51)
#29 0x000055bbe3032d03 mlir::MlirOptMain(int, char**, llvm::StringRef, llvm::StringRef, mlir::DialectRegistry&) (../../build/tools/mlir-neura-opt/mlir-neura-opt+0x1cefd03)
#30 0x000055bbe3033006 mlir::MlirOptMain(int, char**, llvm::StringRef, mlir::DialectRegistry&) (../../build/tools/mlir-neura-opt/mlir-neura-opt+0x1cf0006)
#31 0x000055bbe167b277 main /home/juno/workspace/dataflow/tools/mlir-neura-opt/mlir-neura-opt.cpp:97:0
#32 0x00007fdade284083 __libc_start_main /build/glibc-B3wQXB/glibc-2.31/csu/../csu/libc-start.c:342:3
#33 0x000055bbe16699ee _start (../../build/tools/mlir-neura-opt/mlir-neura-opt+0x3269ee)
